pid,author,tid,title,kana,trans,kousakun,kousakuk,status,statusdate,original,publisher,editionn,editionk
001257,"アーヴィング ワシントン",056078,"駅伝馬車",旧字旧仮名,"高垣 松雄","雀","小林繁雄",公開,2013-09-20,"スケッチ・ブック","岩波文庫、岩波書店","2010（平成22）年2月23日第31刷","1992（平成4）年2月26日第30刷"
001257,"アーヴィング ワシントン",056033,"クリスマス・イーヴ",旧字旧仮名,"高垣 松雄","雀","小林繁雄",公開,2013-08-08,"スケッチ・ブック","岩波文庫、岩波書店","2010（平成22）年2月23日第31刷","1937（昭和12）年5月30日第18刷"
001257,"アーヴィング ワシントン",046658,"スリーピー・ホローの伝説 故ディードリッヒ・ニッカボッカーの遺稿より",新字新仮名,"吉田 甲子太郎","鈴木厚司","砂場清隆",公開,2011-12-31,"スケッチ・ブック","新潮文庫、新潮社","2000（平成12）年2月20日33刷改版","2000（平成12）年 2月20日33刷改版"
001657,"アークム フレデリック",054333,"食品の混ぜ物処理および調理の毒物（1820）",新字新仮名,"水上 茂樹","","Juki",公開,2011-11-21,"","","",""
001234,"愛知 敬一",046340,"ファラデーの伝 電気学の泰斗",新字新仮名,"","松本吉彦、松本庄八","小林繁雄",公開,2006-12-24,"ファラデーの傳","岩波書店","1923（大正12）年5月15日第1版","1923（大正12）年5月15日第1版"
001245,"会津 八一",046511,"一片の石",新字旧仮名,"","門田裕志","仙酔ゑびす",公開,2007-01-03,"日本の名随筆88　石","作品社","1996（平成8）年8月25日第5刷",""
001245,"会津 八一",057975,"音楽に就いて",旧字旧仮名,"","フクポー","鴨川佳一郎",公開,2017-11-21,"會津八一全集　第七卷","中央公論社","1982（昭和57）年4月25日初版","1982（昭和57）年4月25日初版"
001245,"会津 八一",057976,"学規",旧字旧仮名,"","フクポー","鴨川佳一郎",公開,2017-07-01,"會津八一全集　第七卷","中央公論社","1982（昭和57）年4月25日初版","1982（昭和57）年4月初版"
001245,"会津 八一",046512,"菊の根分をしながら",新字旧仮名,"","門田裕志","仙酔ゑびす",公開,2007-01-03,"花の名随筆3　三月の花","作品社","1999（平成11）年2月10日初版第1刷",""
001245,"会津 八一",046513,"支那の明器",新字旧仮名,"","門田裕志","仙酔ゑびす",公開,2007-01-03,"日本の名随筆　別巻9　骨董","作品社","1999（平成11）年8月25日第6刷",""
001245,"会津 八一",057977,"趣味の向上 ――青年学生のために――",旧字旧仮名,"","フクポー","鴨川佳一郎",公開,2017-11-21,"會津八一全集　第七卷","中央公論社","1982（昭和57）年4月25日初版","1982（昭和57）年4月25日初版"
001245,"会津 八一",058663,"趣味の修養",旧字旧仮名,"","フクポー","杉浦鳥見",公開,2018-11-21,"會津八一全集　第七卷","中央公論社","1982（昭和57）年4月25日初版","1982（昭和57）年4月25日初版"
001245,"会津 八一",057978,"少年少女におくる言葉",旧字旧仮名,"","フクポー","鴨川佳一郎",公開,2017-07-01,"會津八一全集　第七卷","中央公論社","1982（昭和57）年4月25日初版","1982（昭和57）年4月25日初版"
001245,"会津 八一",046514,"拓本の話",旧字旧仮名,"","門田裕志","仙酔ゑびす",公開,2007-01-01,"日本の名随筆27　墨","作品社","1997（平成9）年5月20日第17刷",""
001428,"アインシュタイン アルベルト",050328,"相対性理論",新字新仮名,"石原 純","京都大学電子テクスト研究会入力班","高瀬竜一",公開,2018-04-18,"世界大思想全集　48","春秋社","1930（昭和5）年12月5日","1930（昭和5）年12月5日"
000374,"饗庭 篁村",056014,"木曽道中記",旧字旧仮名,"","古山惠一郎","岡村和彦",公開,2019-06-20,"明治文學全集　94　明治紀行文學集","筑摩書房","1974（昭和49）年1月30日第1刷","1974（昭和49）年1月30日第1刷"
000374,"饗庭 篁村",047032,"隅田の春",新字旧仮名,"","斎藤由布子","noriko saito",公開,2008-08-02,"明治の文学　第13巻　饗庭篁村","筑摩書房","2003（平成15）年4月25日初版第1刷","2003（平成15）年4月25日初版第1刷"
000374,"饗庭 篁村",045754,"良夜",新字新仮名,"","高田農業高校生産技術科流通経済コース","小林繁雄",公開,2006-09-25,"新潟県文学全集　第1巻　明治編","郷土出版社","1995（平成7）年10月26日","1995（平成7）年10月26日"
000330,"青木 栄瞳",000900,"野性のセロリ",新字新仮名,"","長尾高弘","",公開,1998-02-26,"生原稿","","",""
001790,"青空文庫 ",056572,"青空文庫の提案",新字新仮名,"","青空文庫","青空文庫",公開,2014-01-01,"","","",""
001542,"青野 季吉",052214,"百万人のそして唯一人の文学",新字旧仮名,"","門田裕志","富田倫生",公開,2012-01-01,"現代日本文學大系　54　片上伸　平林初之輔　青野季吉　宮本顯治　藏原惟人集","筑摩書房","1987（昭和62）年11月30日初版第12刷発行","　"
001314,"青柳 喜兵衛",047604,"夢の如く出現した彼",新字新仮名,"","川山隆","伊藤時也",公開,2008-12-09,"「探偵」傑作選　幻の探偵雑誌9","光文社文庫、光文社","2002（平成14）年1月20日初版1刷","2002（平成14）年1月20日初版1刷"
001584,"秋田 雨雀",053182,"三人の百姓",新字新仮名,"","門田裕志","Juki",公開,2013-01-01,"日本児童文学名作集（下）","岩波文庫、岩波書店","2001（平成13）年5月7日第12刷","2000（平成12）年2月25日第10刷"
001162,"秋田 滋",043837,"ある自殺者の手記",新字新仮名,"秋田 滋","京都大学電子テクスト研究会入力班","京都大学電子テクスト研究会校正班",公開,2006-05-26,"モオパツサン短篇集　色ざんげ　他十篇","改造文庫、改造社出版","1937（昭和12）年5月20日","1937（昭和12）年5月20日"
001162,"秋田 滋",047074,"親ごころ",新字新仮名,"秋田 滋","京都大学電子テクスト研究会入力班","京都大学電子テクスト研究会校正班",公開,2010-08-21,"モオパツサン短篇集　初雪　他九篇","改造文庫、改造社出版","1937（昭和12）年10月15日","1937（昭和12）年10月15日"
001162,"秋田 滋",046405,"寡婦",新字新仮名,"秋田 滋","京都大学電子テクスト研究会入力班","京都大学電子テクスト研究会校正班",公開,2007-07-02,"モオパッサン短篇集　色ざんげ　他十篇","改造文庫、改造社出版","1937（昭和12）年5月20日","1937（昭和12）年5月20日"
001162,"秋田 滋",043651,"狂女",新字新仮名,"秋田 滋","京都大学電子テクスト研究会入力班","京都大学電子テクスト研究会校正班",公開,2005-03-14,"モオパツサン短篇集　初雪　他九篇","改造文庫、改造社出版","1937（昭和12）年10月15日",""
001162,"秋田 滋",047076,"狂人日記",新字新仮名,"秋田 滋","京都大学電子テクスト研究会入力班","京都大学電子テクスト研究会校正班",公開,2010-08-21,"墓場稼ぎの売笑婦","暁書房","1949（昭和24）年6月1日","1949（昭和24）年6月1日"
001162,"秋田 滋",043652,"墓",新字新仮名,"秋田 滋","京都大学電子テクスト研究会入力班","京都大学電子テクスト研究会校正班",公開,2005-03-14,"モオパツサン短篇集　初雪　他九篇","改造文庫、改造社出版","1937（昭和12）年10月15日",""
001162,"秋田 滋",043866,"初雪",新字新仮名,"秋田 滋","京都大学電子テクスト研究会入力班","京都大学電子テクスト研究会校正班",公開,2005-07-27,"モオパツサン短篇集　初雪　他九篇","改造文庫、改造社出版","1937（昭和12）年10月15日",""
001331,"秋月 種樹",048283,"南洲手抄言志録 02 南洲言志録手抄序",旧字旧仮名,"","田中哲郎","川山隆",公開,2008-08-12,"西郷南洲遺訓","岩波文庫、岩波書店","1985（昭和60）年2月20日第26刷","1996（平成8）年4月15日第41刷"
001331,"秋月 種樹",048284,"南洲手抄言志録 03 南洲手抄言志録",旧字旧仮名,"西郷 隆盛、山田 済斎","田中哲郎","川山隆",公開,2008-08-12,"西郷南洲遺訓","岩波文庫、岩波書店","1985（昭和60）年2月20日第26刷","1996（平成8）年4月15日第41刷"
000130,"秋野 平",000700,"ロック、70年代―復刻CDに時代を聴く",新字新仮名,"","浜野智","浜野智",公開,2000-01-10,"中日（東京）新聞日曜版1991年","","",""
001990,"芥川 紗織",059016,"現代作家は古典をどうみるか アンケート",新字新仮名,"","かな　とよみ","たけうち（み）",公開,2018-05-24,"現代人の眼　岡本太郎・滝口修造他","現代社","1956（昭和31）年11月20日","1956（昭和31）年11月20日"
001990,"芥川 紗織",059022,"民芸品の部屋で 我々はメキシコ美術をこうみる",新字新仮名,"","かな　とよみ","たけうち（み）",公開,2018-05-24,"芥川紗織展","横須賀美術館、一宮市三岸節子記念美術館","2009（平成21）年2月","2009（平成21）年2月"
000879,"芥川 竜之介",004872,"愛読書の印象",新字旧仮名,"","砂場清隆","高柳典子",公開,2006-03-27,"芥川龍之介全集　第一巻","岩波書店","1996（平成8）年4月8日","1996（平成8）年4月8日"
000879,"芥川 竜之介",000016,"秋",新字旧仮名,"","j.utiyama","野口英司",公開,1998-05-20,"現代日本文學大系　43　芥川龍之介集","筑摩書房","1968（昭和43）年8月25日初版第1刷",""
000879,"芥川 竜之介",000178,"芥川竜之介歌集",新字旧仮名,"","もりみつじゅんじ","本木まゆみ",公開,1999-07-18,"芥川龍之介全集　第一巻","岩波書店","",""
000879,"芥川 竜之介",000015,"アグニの神",新字旧仮名,"","j.utiyama","かとうかおり",公開,1998-12-11,"現代日本文學大系　43　芥川龍之介集","筑摩書房","1968（昭和43）年8月25日初版第1刷",""
000879,"芥川 竜之介",043014,"アグニの神",新字新仮名,"","蒋龍","noriko saito",公開,2005-02-06,"蜘蛛の糸・杜子春","新潮文庫、新潮社","1989（平成元）年5月30日46刷","2004（平成16）年6月5日67刷"
000879,"芥川 竜之介",003804,"悪魔",新字旧仮名,"","土屋隆","松永正敏",公開,2007-07-10,"筑摩全集類聚　芥川龍之介全集第四巻","筑摩書房","1979（昭和54）年4月10日初版第11刷",""
000879,"芥川 竜之介",000021,"浅草公園 或シナリオ",新字新仮名,"","j.utiyama","かとうかおり",公開,1999-02-01,"芥川龍之介全集6","ちくま文庫、筑摩書房","1993（平成5）年2月25日第6刷",""
000879,"芥川 竜之介",043361,"兄貴のような心持 ――菊池寛氏の印象――",新字新仮名,"","向井樹里","門田裕志",公開,2005-03-11,"大川の水・追憶・本所両国　現代日本のエッセイ","講談社文芸文庫、講談社","1995（平成7）年1月10日第1刷","1995（平成7）年1月10日第1刷"
000879,"芥川 竜之介",000017,"あの頃の自分の事",新字旧仮名,"","j.utiyama","小浜真由美",公開,1998-06-22,"現代日本文學大系　43　芥川龍之介集","筑摩書房","1968（昭和43）年8月25日初版第1刷",""
000879,"芥川 竜之介",000014,"あばばばば",新字旧仮名,"","j.utiyama","かとうかおり",公開,1999-01-16,"現代日本文學大系　43　芥川龍之介集","筑摩書房","1968（昭和43）年8月25日初版第1刷",""
000879,"芥川 竜之介",001138,"鴉片",新字旧仮名,"","もりみつじゅんじ","林幸雄",公開,2002-01-26,"芥川龍之介全集　第十三巻","岩波書店","",""
000879,"芥川 竜之介",000019,"或阿呆の一生",新字旧仮名,"","j.utiyama","細渕紀子",公開,1998-04-23,"現代日本文學大系　43　芥川龍之介集","筑摩書房","1968（昭和43）年8月25日初版第1刷",""
000879,"芥川 竜之介",000073,"或敵打の話",新字新仮名,"","j.utiyama","かとうかおり",公開,1999-01-12,"芥川龍之介全集3","ちくま文庫、筑摩書房","1996（平成8）年4月1日第8刷","1997（平成9）年4月15日第9刷"
000879,"芥川 竜之介",000020,"或旧友へ送る手記",新字旧仮名,"","j.utiyama","小浜真由美",公開,1998-04-20,"現代日本文學大系　43　芥川龍之介集","筑摩書房","1968（昭和43）年8月25日初版第1刷",""
000879,"芥川 竜之介",003827,"或社会主義者",新字旧仮名,"","土屋隆","松永正敏",公開,2007-07-10,"筑摩全集類聚　芥川龍之介全集第四巻","筑摩書房","1979（昭和54）年4月10日初版第11刷",""
000879,"芥川 竜之介",000122,"或日の大石内蔵助",新字新仮名,"","野口英司","もりみつじゅんじ",公開,1997-11-17,"芥川龍之介全集2","ちくま文庫、筑摩書房","1996（平成8）年7月15日第11刷",""
000879,"芥川 竜之介",000129,"或恋愛小説",新字新仮名,"","j.utiyama","かとうかおり",公開,1999-01-08,"芥川龍之介全集5","ちくま文庫、筑摩書房","1995（平成7）年4月10日第6刷","1996（平成8）年7月15日第7刷"
000879,"芥川 竜之介",000018,"闇中問答",新字旧仮名,"","j.utiyama","野口英司",公開,1998-03-24,"現代日本文學大系　43　芥川龍之介集","筑摩書房","1968（昭和43）年8月25日初版第1刷",""
000879,"芥川 竜之介",003767,"案頭の書",新字旧仮名,"","土屋隆","松永正敏",公開,2007-07-10,"筑摩全集類聚　芥川龍之介全集第四巻","筑摩書房","1979（昭和54）年4月10日初版第11刷",""
000879,"芥川 竜之介",043362,"飯田蛇笏",新字新仮名,"","向井樹里","砂場清隆",公開,2007-03-10,"大川の水・追憶・本所両国　現代日本のエッセイ","講談社文芸文庫、講談社","1995（平成7）年1月10日第1刷","1995（平成7）年1月10日第1刷"
000879,"芥川 竜之介",016034,"遺書",新字旧仮名,"","もりみつじゅんじ","土屋隆",公開,2009-07-24,"芥川龍之介全集　第二十三巻","岩波書店","1998（平成10）年1月29日","1998（平成10）年1月29日"
000879,"芥川 竜之介",003750,"イズムと云ふ語の意味次第",新字旧仮名,"","土屋隆","松永正敏",公開,2007-07-10,"筑摩全集類聚　芥川龍之介全集第四巻","筑摩書房","1979（昭和54）年4月10日初版第11刷",""
000879,"芥川 竜之介",003748,"一番気乗のする時",新字旧仮名,"","土屋隆","松永正敏",公開,2007-07-10,"筑摩全集類聚　芥川龍之介全集第四巻","筑摩書房","1979（昭和54）年4月10日初版第11刷",""
000879,"芥川 竜之介",000057,"一夕話",新字新仮名,"","j.utiyama","かとうかおり",公開,1999-01-10,"芥川龍之介全集5","ちくま文庫、筑摩書房","1995（平成7）年4月10日第6刷","1996（平成8）年7月15日第7刷"
000879,"芥川 竜之介",003761,"伊東から",新字旧仮名,"","土屋隆","松永正敏",公開,2007-07-10,"筑摩全集類聚　芥川龍之介全集第四巻","筑摩書房","1979（昭和54）年4月10日初版第11刷",""
000879,"芥川 竜之介",000058,"糸女覚え書",新字旧仮名,"","j.utiyama","かとうかおり",公開,1999-01-16,"現代日本文學大系　43　芥川龍之介集","筑摩書房","1968（昭和43）年8月25日初版第1刷",""
000879,"芥川 竜之介",043363,"犬養君に就いて",新字新仮名,"","向井樹里","砂場清隆",公開,2007-03-13,"大川の水・追憶・本所両国　現代日本のエッセイ","講談社文芸文庫、講談社","1995（平成7）年1月10日第1刷","1995（平成7）年1月10日第1刷"
000879,"芥川 竜之介",000056,"犬と笛",新字新仮名,"","j.utiyama","かとうかおり",公開,1998-12-07,"芥川龍之介全集2","ちくま文庫、筑摩書房","1996（平成8）7月15日第11刷","1996（平成8）7月15日第11刷"
000879,"芥川 竜之介",000055,"芋粥",新字旧仮名,"","j.utiyama","吉田亜津美",公開,1999-05-29,"現代日本文學大系　43　芥川龍之介集","筑摩書房","1968（昭和43）年8月25日初版第1刷",""
000879,"芥川 竜之介",004274,"岩野泡鳴氏",新字旧仮名,"","もりみつじゅんじ","松永正敏",公開,2002-10-08,"芥川龍之介全集　第九巻","岩波書店","1996（平成8）年7月8日発行",""
000879,"芥川 竜之介",000177,"魚河岸",新字新仮名,"","j.utiyama","もりみつじゅんじ",公開,1998-12-28,"芥川龍之介全集5","ちくま文庫、筑摩書房","1995（平成7）年4月10日第6刷",""
000879,"芥川 竜之介",004312,"内田百間氏",新字旧仮名,"","もりみつじゅんじ","土屋隆",公開,2008-12-21,"芥川龍之介全集　第十五巻","岩波書店","1997（平成9）年1月8日　","1997（平成9）年1月8日"
000879,"芥川 竜之介",051864,"産屋 萩原朔太郎君に献ず",旧字旧仮名,"","岡山勝美","noriko saito",公開,2010-10-19,"芥川龍之介全集　第一卷","岩波書店","1977（昭和52）年７月13日","1977（昭和52）年７月13日"
000879,"芥川 竜之介",000174,"馬の脚",新字新仮名,"","j.utiyama","かとうかおり",公開,1999-01-05,"芥川龍之介全集5","ちくま文庫、筑摩書房","1995（平成7）年4月10日第6刷","1996（平成8）年7月15日第7刷"
000879,"芥川 竜之介",000175,"海のほとり",新字新仮名,"","j.utiyama","大野晋",公開,1999-01-07,"芥川龍之介全集6","ちくま文庫、筑摩書房","1993（平成5）年2月25日第6刷",""
000879,"芥川 竜之介",003823,"囈語",新字旧仮名,"","土屋隆","松永正敏",公開,2007-07-16,"筑摩全集類聚　芥川龍之介全集第四巻","筑摩書房","1979（昭和54）年4月10日初版第11刷",""
000879,"芥川 竜之介",000176,"運",新字新仮名,"","j.utiyama","もりみつじゅんじ",公開,1998-11-11,"芥川龍之介全集1","ちくま文庫、筑摩書房","1995（平成7）年10月5日第13刷",""
000879,"芥川 竜之介",003751,"永久に不愉快な二重生活",新字旧仮名,"","土屋隆","松永正敏",公開,2007-07-10,"筑摩全集類聚　芥川龍之介全集第四巻","筑摩書房","1979（昭和54）年4月10日初版第11刷",""
000879,"芥川 竜之介",000035,"英雄の器",新字新仮名,"","j.utiyama","かとうかおり",公開,1998-12-07,"芥川龍之介全集2","ちくま文庫、筑摩書房","1996（平成8）7月15日第11刷","1996（平成8）7月15日第11刷"
000879,"芥川 竜之介",043364,"江口渙氏の事",新字新仮名,"","向井樹里","砂場清隆",公開,2007-03-13,"大川の水・追憶・本所両国　現代日本のエッセイ","講談社文芸文庫、講談社","1995（平成7）年1月10日第1刷","1995（平成7）年1月10日第1刷"
000879,"芥川 竜之介",003825,"槐",新字旧仮名,"","土屋隆","松永正敏",公開,2007-07-10,"筑摩全集類聚　芥川龍之介全集第四巻","筑摩書房","1979（昭和54）年4月10日初版第11刷",""
000879,"芥川 竜之介",000118,"老いたる素戔嗚尊",新字旧仮名,"","j.utiyama","かとうかおり",公開,1999-01-17,"現代日本文學大系　43　芥川龍之介集","筑摩書房","1968（昭和43）年8月25日初版第1刷",""
000879,"芥川 竜之介",000117,"往生絵巻",新字旧仮名,"","j.utiyama","もりみつじゅんじ",公開,1998-12-28,"現代日本文學大系　43　芥川龍之介集","筑摩書房","1968（昭和43）年8月25日初版第1刷",""
000879,"芥川 竜之介",003763,"鸚鵡 ――大震覚え書の一つ――",新字旧仮名,"","土屋隆","松永正敏",公開,2007-07-13,"筑摩全集類聚　芥川龍之介全集第四巻","筑摩書房","1979（昭和54）年4月10日初版第11刷",""
000879,"芥川 竜之介",000123,"大川の水",新字新仮名,"","j.utiyama","かとうかおり",公開,1999-01-11,"羅生門・鼻・芋粥","角川文庫、角川書店","1985（昭和60）年11月10日改版38版","1985（昭和60）年11月10日改版38版"
000879,"芥川 竜之介",049328,"大久保湖州",新字旧仮名,"","もりみつじゅんじ","土屋隆",公開,2008-12-21,"芥川龍之介全集　第十一巻","岩波書店","1996（平成8）年9月9日",""
000879,"芥川 竜之介",003824,"Ｏ君の新秋",新字旧仮名,"","土屋隆","松永正敏",公開,2007-07-13,"筑摩全集類聚　芥川龍之介全集第四巻","筑摩書房","1979（昭和54）年4月10日初版第11刷",""
000879,"芥川 竜之介",000115,"尾形了斎覚え書",新字旧仮名,"","j.utiyama","野口英司",公開,1998-10-05,"現代日本文學大系　43　芥川龍之介集","筑摩書房","1968（昭和43）年8月25日初版第1刷",""
000879,"芥川 竜之介",000116,"おぎん",新字新仮名,"","j.utiyama","かとうかおり",公開,1999-01-05,"芥川龍之介全集5","ちくま文庫、筑摩書房","1995（平成7）年4月10日第6刷","1996（平成8）年7月15日第7刷"
000879,"芥川 竜之介",000119,"お時儀",新字新仮名,"","j.utiyama","もりみつじゅんじ",公開,1998-12-28,"芥川龍之介全集5","ちくま文庫、筑摩書房","1995（平成7）年4月10日第6刷",""
000879,"芥川 竜之介",000125,"おしの",新字新仮名,"","j.utiyama","かとうかおり",公開,1999-01-05,"芥川龍之介全集5","ちくま文庫、筑摩書房","1995（平成7）年4月10日第6刷","1996（平成8）年7月15日第7刷"
000879,"芥川 竜之介",000126,"お富の貞操",新字旧仮名,"","j.utiyama","かとうかおり",公開,1999-01-19,"現代日本文學大系　43　芥川龍之介集","筑摩書房","1968（昭和43）年8月25日初版第1刷",""
000879,"芥川 竜之介",003826,"鬼ごつこ",新字旧仮名,"","土屋隆","松永正敏",公開,2007-07-13,"筑摩全集類聚　芥川龍之介全集第四巻","筑摩書房","1979（昭和54）年4月10日初版第11刷",""
000879,"芥川 竜之介",000124,"お律と子等と",新字新仮名,"","j.utiyama","かとうかおり",公開,1998-12-19,"芥川龍之介全集4","ちくま文庫、筑摩書房","1993（平成5）年12月25日第6刷","1996（平成8）年7月15日第8刷"
000879,"芥川 竜之介",000121,"温泉だより",新字新仮名,"","j.utiyama","大野晋",公開,1999-01-17,"芥川龍之介全集6","ちくま文庫、筑摩書房","1993（平成5）年2月25日第6刷",""
000879,"芥川 竜之介",000120,"女",新字新仮名,"","j.utiyama","もりみつじゅんじ",公開,1998-12-28,"芥川龍之介全集3","ちくま文庫、筑摩書房","1996（平成8）年4月1日第8刷",""
000879,"芥川 竜之介",000067,"開化の良人",新字新仮名,"","j.utiyama","かとうかおり",公開,1998-12-23,"芥川龍之介全集2","ちくま文庫、筑摩書房","1996（平成8）7月15日第11刷","1996（平成8）7月15日第11刷"
000879,"芥川 竜之介",000066,"開化の殺人",新字旧仮名,"","j.utiyama","野口英司",公開,1998-07-06,"現代日本文學大系　43　芥川龍之介集","筑摩書房","1968（昭和43）年8月25日初版第1刷",""
000879,"芥川 竜之介",000065,"貝殻",新字旧仮名,"","j.utiyama","かとうかおり",公開,1999-01-27,"芥川龍之介作品集　第四巻","昭和出版社","",""
000879,"芥川 竜之介",003764,"解嘲",新字旧仮名,"","土屋隆","松永正敏",公開,2007-07-13,"筑摩全集類聚　芥川龍之介全集第四巻","筑摩書房","1979（昭和54）年4月10日初版第11刷",""
000879,"芥川 竜之介",003800,"蛙",新字旧仮名,"","土屋隆","松永正敏",公開,2007-07-13,"筑摩全集類聚　芥川龍之介全集第四巻","筑摩書房","1979（昭和54）年4月10日初版第11刷",""
000879,"芥川 竜之介",043365,"格さんと食慾 ――最近の宇野浩二氏――",新字新仮名,"","向井樹里","砂場清隆",公開,2007-03-13,"大川の水・追憶・本所両国　現代日本のエッセイ","講談社文芸文庫、講談社","1995（平成7）年1月10日第1刷","1995（平成7）年1月10日第1刷"
000879,"芥川 竜之介",000064,"影",新字新仮名,"","j.utiyama","もりみつじゅんじ",公開,1999-03-01,"芥川龍之介全集4","ちくま文庫、筑摩書房","1996（平成8）年7月15日第8刷",""
000879,"芥川 竜之介",000074,"片恋",新字新仮名,"","j.utiyama","かとうかおり",公開,1998-12-07,"芥川龍之介全集2","ちくま文庫、筑摩書房","1996（平成8）7月15日第11刷","1996（平成8）7月15日第11刷"
000879,"芥川 竜之介",003814,"かちかち山",新字旧仮名,"","土屋隆","松永正敏",公開,2007-07-13,"筑摩全集類聚　芥川龍之介全集第四巻","筑摩書房","1979（昭和54）年4月10日初版第11刷",""
000879,"芥川 竜之介",003772,"学校友だち",新字旧仮名,"","土屋隆","松永正敏",公開,2007-07-13,"筑摩全集類聚　芥川龍之介全集第四巻","筑摩書房","1979（昭和54）年4月10日初版第11刷",""
000879,"芥川 竜之介",000069,"河童",新字新仮名,"","もりみつじゅんじ","かとうかおり",公開,1999-01-24,"河童・或る阿呆の一生","旺文社文庫、旺文社","1984（昭和59）年重版",""
000879,"芥川 竜之介",045761,"河童",新字旧仮名,"","五十嵐仁","小林繁雄",公開,2010-05-29,"芥川龍之介全集　第十四巻","岩波書店","1996（平成8）年12月9日","1996（平成8）年12月9日"
000879,"芥川 竜之介",003802,"南瓜",新字旧仮名,"","土屋隆","松永正敏",公開,2007-07-13,"筑摩全集類聚　芥川龍之介全集第四巻","筑摩書房","1979（昭和54）年4月10日初版第11刷",""
000879,"芥川 竜之介",000068,"神神の微笑",新字新仮名,"","j.utiyama","かとうかおり",公開,1998-12-19,"芥川龍之介全集4","ちくま文庫、筑摩書房","1993（平成5）年12月25日第6刷","1996（平成8）年7月15日第8刷"
000879,"芥川 竜之介",003766,"「仮面」の人々",新字旧仮名,"","土屋隆","松永正敏",公開,2007-07-16,"筑摩全集類聚　芥川龍之介全集第四巻","筑摩書房","1979（昭和54）年4月10日初版第11刷",""
000879,"芥川 竜之介",043366,"鴨猟",新字新仮名,"","向井樹里","砂場清隆",公開,2007-03-07,"大川の水・追憶・本所両国　現代日本のエッセイ","講談社文芸文庫、講談社","1995（平成7）年1月10日第1刷","1995（平成7）年1月10日第1刷"
000879,"芥川 竜之介",002323,"軽井沢で",新字旧仮名,"","j.utiyama","j.utiyama",公開,1999-02-15,"芥川龍之介全集　第四巻","筑摩書房","1971（昭和46）年10月5日初版第5刷","1971（昭和46）年10月5日初版第5刷"
000879,"芥川 竜之介",000029,"カルメン",新字新仮名,"","j.utiyama","田尻幹二",公開,1999-01-27,"芥川龍之介全集6","ちくま文庫、筑摩書房","1993（平成5）年2月25日第6刷","1997（平成9）年4月15日第8刷"
000879,"芥川 竜之介",000070,"彼",新字新仮名,"","j.utiyama","もりみつじゅんじ",公開,1999-03-01,"芥川龍之介全集6","ちくま文庫、筑摩書房","1993（平成5）年2月25日第6刷",""
000879,"芥川 竜之介",000071,"彼　第二",新字新仮名,"","j.utiyama","もりみつじゅんじ",公開,1999-03-01,"芥川龍之介全集6","ちくま文庫、筑摩書房","1993（平成5）年2月25日第6刷",""
000879,"芥川 竜之介",000072,"枯野抄",新字旧仮名,"","j.utiyama","かとうかおり",公開,1998-06-04,"現代日本文學大系　43　芥川龍之介集","筑摩書房","1968（昭和43）年8月25日初版第1刷",""
000879,"芥川 竜之介",043367,"彼の長所十八 ――南部修太郎氏の印象――",新字新仮名,"","向井樹里","砂場清隆",公開,2007-03-07,"大川の水・追憶・本所両国　現代日本のエッセイ","講談社文芸文庫、講談社","1995（平成7）年1月10日第1刷","1995（平成7）年1月10日第1刷"
000879,"芥川 竜之介",003809,"寒山拾得",新字旧仮名,"","土屋隆","浅原庸子",公開,2007-05-24,"筑摩全集類聚　芥川龍之介全集第四巻","筑摩書房","1979（昭和54）年4月10日初版第11刷","1977（昭和52）年9月30日初版第10刷 "
000879,"芥川 竜之介",003747,"鑑定",新字旧仮名,"","土屋隆","松永正敏",公開,2007-07-16,"筑摩全集類聚　芥川龍之介全集第四巻","筑摩書房","1979（昭和54）年4月10日初版第11刷",""
000879,"芥川 竜之介",000077,"奇怪な再会",新字新仮名,"","j.utiyama","かとうかおり",公開,1998-12-19,"芥川龍之介全集4","ちくま文庫、筑摩書房","1993（平成5）年12月25日第6刷","1996（平成8）年7月15日第8刷"
000879,"芥川 竜之介",002366,"機関車を見ながら",新字旧仮名,"","j.utiyama","かとうかおり",公開,1999-01-27,"芥川龍之介作品集　第四巻","昭和出版社","",""
000879,"芥川 竜之介",000076,"奇遇",新字新仮名,"","j.utiyama","かとうかおり",公開,1998-12-19,"芥川龍之介全集4","ちくま文庫、筑摩書房","1993（平成5）年12月25日第6刷","1996（平成8）年7月15日第8刷"
000879,"芥川 竜之介",043368,"「菊池寛全集」の序",新字新仮名,"","向井樹里","門田裕志",公開,2005-03-11,"大川の水・追憶・本所両国　現代日本のエッセイ","講談社文芸文庫、講談社","1995（平成7）年1月10日第1刷","1995（平成7）年1月10日第1刷"
000879,"芥川 竜之介",000080,"煙管",新字新仮名,"","j.utiyama","もりみつじゅんじ",公開,1998-11-11,"芥川龍之介全集1","ちくま文庫、筑摩書房","1995（平成7）年10月5日第13刷",""
000879,"芥川 竜之介",000081,"木曽義仲論",新字旧仮名,"","j.utiyama","かとうかおり",公開,1999-01-30,"現代日本文學大系　43　芥川龍之介集","筑摩書房","1968（昭和43）年8月25日初版第1刷",""
000879,"芥川 竜之介",001137,"着物",新字旧仮名,"","もりみつじゅんじ","松永正敏",公開,2002-10-06,"芥川龍之介全集　第九巻","岩波書店","1996（平成8）年7月8日発行",""
000879,"芥川 竜之介",002327,"凶",新字旧仮名,"","j.utiyama","j.utiyama",公開,1999-02-15,"芥川龍之介全集　第四巻","筑摩書房","1971（昭和46）年10月5日初版第5刷","1971（昭和46）年10月5日初版第5刷"
000879,"芥川 竜之介",000093,"「鏡花全集」目録開口",新字旧仮名,"","山田豊","菅野朋子",公開,1999-05-26,"筑摩全集類聚版芥川龍之介全集第五巻","筑摩書房","",""
000879,"芥川 竜之介",003815,"教訓談",新字旧仮名,"","土屋隆","松永正敏",公開,2007-07-16,"筑摩全集類聚　芥川龍之介全集第四巻","筑摩書房","1979（昭和54）年4月10日初版第11刷",""
000879,"芥川 竜之介",003803,"京都日記",新字旧仮名,"","土屋隆","松永正敏",公開,2007-07-16,"筑摩全集類聚　芥川龍之介全集第四巻","筑摩書房","1979（昭和54）年4月10日初版第11刷",""
000879,"芥川 竜之介",000079,"きりしとほろ上人伝",新字旧仮名,"","j.utiyama","かとうかおり",公開,1998-06-22,"現代日本文學大系　43　芥川龍之介集","筑摩書房","1968（昭和43）年8月25日初版第1刷",""
000879,"芥川 竜之介",000039,"疑惑",新字新仮名,"","j.utiyama","かとうかおり",公開,1998-12-08,"芥川龍之介全集3","ちくま文庫、筑摩書房","1996（平成8）年4月1日第8刷","1997（平成9）年4月15日第9刷"
000879,"芥川 竜之介",000078,"金将軍",新字新仮名,"","j.utiyama","かとうかおり",公開,1999-01-08,"芥川龍之介全集5","ちくま文庫、筑摩書房","1995（平成7）年4月10日第6刷","1996（平成8）年7月15日第7刷"
000879,"芥川 竜之介",002328,"鵠沼雑記",新字旧仮名,"","j.utiyama","j.utiyama",公開,1999-02-15,"芥川龍之介全集　第四巻","筑摩書房","1971（昭和46）年10月5日初版第5刷","1971（昭和46）年10月5日初版第5刷"
000879,"芥川 竜之介",003784,"孔雀",新字旧仮名,"","土屋隆","松永正敏",公開,2007-07-16,"筑摩全集類聚　芥川龍之介全集第四巻","筑摩書房","1979（昭和54）年4月10日初版第11刷",""
000879,"芥川 竜之介",000091,"首が落ちた話",新字新仮名,"","j.utiyama","かとうかおり",公開,1998-12-23,"芥川龍之介全集2","ちくま文庫、筑摩書房","1996（平成8）7月15日第11刷","1996（平成8）7月15日第11刷"
000879,"芥川 竜之介",043369,"久保田万太郎氏",新字新仮名,"","向井樹里","砂場清隆",公開,2007-03-07,"大川の水・追憶・本所両国　現代日本のエッセイ","講談社文芸文庫、講談社","1995（平成7）年1月10日第1刷","1995（平成7）年1月10日第1刷"
000879,"芥川 竜之介",043370,"久米正雄 ――傚久米正雄文体――",新字新仮名,"","向井樹里","砂場清隆",公開,2007-03-07,"大川の水・追憶・本所両国　現代日本のエッセイ","講談社文芸文庫、講談社","1995（平成7）年1月10日第1刷","1995（平成7）年1月10日第1刷"
000879,"芥川 竜之介",043371,"久米正雄氏の事",新字新仮名,"","向井樹里","砂場清隆",公開,2007-03-07,"現代日本のエッセイ 大川の水／追憶／本所両国　芥川竜之介","講談社","1995（平成7）年1月10日第1刷","1995（平成7）年1月10日第1刷"
000879,"芥川 竜之介",000092,"蜘蛛の糸",新字新仮名,"","野口英司、平山誠","もりみつじゅんじ",公開,1997-11-10,"芥川龍之介全集2","ちくま文庫、筑摩書房","1996（平成8）年7月15日第11刷",""
000879,"芥川 竜之介",004311,"クラリモンド",新字旧仮名,"芥川 竜之介","もりみつじゅんじ","土屋隆",公開,2009-01-21,"芥川龍之介全集　第一巻","岩波書店","1995（平成7）年11月8日　","1995（平成7）年11月8日"
000879,"芥川 竜之介",051865,"軍艦金剛航海記",旧字旧仮名,"","岡山勝美","noriko saito",公開,2010-10-19,"芥川龍之介全集　第一卷","岩波書店","1977（昭和52）年７月13日","1977（昭和52）年７月13日"
000879,"芥川 竜之介",004273,"芸術その他",新字旧仮名,"","もりみつじゅんじ","松永正敏",公開,2002-10-05,"芥川龍之介全集　第五巻","岩波書店","1996（平成8）年3月8日発行",""
000879,"芥川 竜之介",000038,"戯作三昧",新字新仮名,"","佐野良二","伊藤時也",公開,2000-04-15,"日本の文学　29　芥川龍之介","中央公論社","1964（昭和39）年10月5日初版","1973（昭和48）年7月30日42刷"
000879,"芥川 竜之介",000037,"戯作三昧",新字旧仮名,"","j.utiyama","かとうかおり",公開,1999-01-16,"現代日本文学大系　43　芥川龍之介集","筑摩書房","1968（昭和43）年8月25日初版第1刷",""
000879,"芥川 竜之介",000075,"袈裟と盛遠",新字新仮名,"","j.utiyama","かとうかおり",公開,1998-12-23,"芥川龍之介全集2","ちくま文庫、筑摩書房","1996（平成8）7月15日第11刷","1996（平成8）7月15日第11刷"
000879,"芥川 竜之介",001131,"結婚難並びに恋愛難",新字旧仮名,"","もりみつじゅんじ","松永正敏",公開,2002-10-09,"芥川龍之介全集　第十二巻","岩波書店","1996（平成8）年10月8日発行",""
000879,"芥川 竜之介",001128,"「ケルトの薄明」より",新字旧仮名,"芥川 竜之介","もりみつじゅんじ","浅原庸子",公開,2004-12-25,"芥川龍之介全集　第一巻","岩波書店","1995（平成7）年11月8日"," "
000879,"芥川 竜之介",000036,"玄鶴山房",新字新仮名,"","j.utiyama","かとうかおり",公開,1998-10-14,"昭和文学全集　第1巻","小学館","1987（昭和62）年5月1日初版第1刷",""
000879,"芥川 竜之介",003797,"講演軍記",新字旧仮名,"","土屋隆","松永正敏",公開,2007-07-16,"筑摩全集類聚　芥川龍之介全集第四巻","筑摩書房","1979（昭和54）年4月10日初版第11刷",""
000879,"芥川 竜之介",043375,"剛才人と柔才人と",新字新仮名,"","向井樹里","砂場清隆",公開,2007-03-13,"大川の水・追憶・本所両国　現代日本のエッセイ","講談社文芸文庫、講談社","1995（平成7）年1月10日第1刷","1995（平成7）年1月10日第1刷"
000879,"芥川 竜之介",000090,"好色",新字旧仮名,"","j.utiyama","かとうかおり",公開,1999-01-19,"現代日本文学大系　43　芥川龍之介集","筑摩書房","1968（昭和43）年8月25日初版第1刷",""
000879,"芥川 竜之介",033202,"後世",新字旧仮名,"","大久保ゆう","小林繁雄",公開,2003-12-31,"芥川龍之介全集　第四巻","岩波書店","1996（平成8）年2月8日初版","1996（平成8）年2月8日初版"
000879,"芥川 竜之介",000089,"校正後に",新字新仮名,"","j.utiyama","かとうかおり",公開,1999-01-12,"羅生門・鼻・芋粥","角川文庫、角川書店","1985（昭和60）年11月10日改版38版","1985（昭和60）年11月10日改版38版"
000879,"芥川 竜之介",043376,"合理的、同時に多量の人間味 ――相互印象・菊池寛氏――",新字新仮名,"","向井樹里","砂場清隆",公開,2007-03-13,"大川の水・追憶・本所両国　現代日本のエッセイ","講談社文芸文庫、講談社","1995（平成7）年1月10日第1刷","1995（平成7）年1月10日第1刷"
000879,"芥川 竜之介",000088,"黄粱夢",新字新仮名,"","野口英司、平山誠","もりみつじゅんじ",公開,1997-11-10,"芥川龍之介全集2","ちくま文庫、筑摩書房","1996（平成8）年7月15日第11刷",""
000879,"芥川 竜之介",000085,"黒衣聖母",新字新仮名,"","j.utiyama","もりみつじゅんじ",公開,1998-12-28,"芥川龍之介全集3","ちくま文庫、筑摩書房","1996（平成8）年4月1日第8刷",""
000879,"芥川 竜之介",043373,"小杉未醒氏",新字新仮名,"","向井樹里","砂場清隆",公開,2007-03-07,"大川の水・追憶・本所両国　現代日本のエッセイ","講談社文芸文庫、講談社","1995（平成7）年1月10日第1刷","1995（平成7）年1月10日第1刷"
000879,"芥川 竜之介",000082,"古千屋",新字新仮名,"","j.utiyama","かとうかおり",公開,1999-02-03,"芥川龍之介全集6","ちくま文庫、筑摩書房","1993（平成5）年2月25日第6刷","1997（平成9）年4月15日第8刷"
000879,"芥川 竜之介",003738,"骨董羹 ―寿陵余子の仮名のもとに筆を執れる戯文―",新字旧仮名,"","土屋隆","松永正敏",公開,2007-07-16,"筑摩全集類聚　芥川龍之介全集第四巻","筑摩書房","1979（昭和54）年4月10日初版第11刷",""
000879,"芥川 竜之介",000083,"孤独地獄",新字旧仮名,"","j.utiyama","野口英司",公開,1998-03-16,"現代日本文学大系　43　芥川龍之介集","筑摩書房","1968（昭和43）年8月25日初版第1刷",""
000879,"芥川 竜之介",000084,"子供の病気 一游亭に",新字新仮名,"","j.utiyama","かとうかおり",公開,1999-01-05,"芥川龍之介全集5","ちくま文庫、筑摩書房","1995（平成7）年4月10日第6刷","1996（平成8）年7月15日第7刷"
000879,"芥川 竜之介",000087,"湖南の扇",新字新仮名,"","j.utiyama","柳沢成雄",公開,1998-10-20,"昭和文学全集　第1巻","小学館","1987（昭和62）年5月1日初版第1刷",""
000879,"芥川 竜之介",043374,"近藤浩一路氏",新字新仮名,"","向井樹里","砂場清隆",公開,2007-03-10,"大川の水・追憶・本所両国　現代日本のエッセイ","講談社文芸文庫、講談社","1995（平成7）年1月10日第1刷","1995（平成7）年1月10日第1刷"
000879,"芥川 竜之介",001134,"金春会の「隅田川」",新字旧仮名,"","もりみつじゅんじ","松永正敏",公開,2002-10-06,"芥川龍之介全集　第十一巻","岩波書店","1996（平成8）年9月9日発行",""
000879,"芥川 竜之介",000136,"西郷隆盛",新字新仮名,"","j.utiyama","かとうかおり",公開,1998-12-23,"芥川龍之介全集2","ちくま文庫、筑摩書房","1996（平成8）7月15日第11刷","1996（平成8）7月15日第11刷"
000879,"芥川 竜之介",003779,"才一巧亦不二",新字旧仮名,"","土屋隆","松永正敏",公開,2007-07-19,"筑摩全集類聚　芥川龍之介全集第四巻","筑摩書房","1979（昭和54）年4月10日初版第11刷",""
000879,"芥川 竜之介",000141,"西方の人",新字旧仮名,"","j.utiyama","野口英司",公開,1998-04-27,"現代日本文学大系　43　芥川龍之介集","筑摩書房","1968（昭和43）年8月25日初版第1刷",""
000879,"芥川 竜之介",003816,"鷺と鴛鴦",新字旧仮名,"","土屋隆","松永正敏",公開,2007-07-19,"筑摩全集類聚　芥川龍之介全集第四巻","筑摩書房","1979（昭和54）年4月10日初版第11刷",""
000879,"芥川 竜之介",051214,"雑信一束",新字新仮名,"","門田裕志","岡山勝美",公開,2015-03-28,"上海游記・江南游記","講談社文芸文庫、講談社","2001（平成13）年10月10日第1刷","2001（平成13）年10月10日第1刷"
000879,"芥川 竜之介",003739,"雑筆",新字旧仮名,"","土屋隆","松永正敏",公開,2007-07-19,"筑摩全集類聚　芥川龍之介全集第四巻","筑摩書房","1979（昭和54）年4月10日初版第11刷",""
000879,"芥川 竜之介",004277,"佐藤春夫氏",新字旧仮名,"","もりみつじゅんじ","松永正敏",公開,2002-10-06,"芥川龍之介全集　第十一巻","岩波書店","1996（平成8）年9月9日発行",""
000879,"芥川 竜之介",043377,"佐藤春夫氏の事",新字新仮名,"","向井樹里","門田裕志",公開,2005-03-11,"大川の水・追憶・本所両国　現代日本のエッセイ","講談社文芸文庫、講談社","1995（平成7）年1月10日第1刷","1995（平成7）年1月10日第1刷"
000879,"芥川 竜之介",000185,"さまよえる猶太人",新字新仮名,"","j.utiyama","もりみつじゅんじ",公開,1998-11-11,"芥川龍之介全集1","ちくま文庫、筑摩書房","1995（平成7）年10月5日第13刷",""
000879,"芥川 竜之介",000137,"寒さ",新字新仮名,"","j.utiyama","かとうかおり",公開,1999-01-05,"芥川龍之介全集5","ちくま文庫、筑摩書房","1995（平成7）年4月10日第6刷","1996（平成8）年7月15日第7刷"
000879,"芥川 竜之介",003820,"沙羅の花",新字旧仮名,"","土屋隆","松永正敏",公開,2007-07-19,"筑摩全集類聚　芥川龍之介全集第四巻","筑摩書房","1979（昭和54）年4月10日初版第11刷",""
000879,"芥川 竜之介",000139,"猿",新字旧仮名,"","もりみつじゅんじ","高橋美奈子",公開,1998-11-26,"芥川龍之介全集　第一巻","岩波書店","1995（平成7）年11月8日",""
000879,"芥川 竜之介",000140,"猿蟹合戦",新字新仮名,"","j.utiyama","もりみつじゅんじ",公開,1998-12-28,"芥川龍之介全集5","ちくま文庫、筑摩書房","1995（平成7）年4月10日第6刷",""
000879,"芥川 竜之介",000138,"三右衛門の罪",新字新仮名,"","j.utiyama","かとうかおり",公開,1999-01-10,"芥川龍之介全集5","ちくま文庫、筑摩書房","1995（平成7）年4月10日第6刷","1996（平成8）年7月15日第7刷"
000879,"芥川 竜之介",000146,"死後",新字新仮名,"","j.utiyama","かとうかおり",公開,1999-02-01,"芥川龍之介全集6","ちくま文庫、筑摩書房","1993（平成5）年2月25日第6刷","1997（平成9）年4月15日第8刷"
000879,"芥川 竜之介",000061,"地獄変",旧字旧仮名,"","j.utiyama","富田倫生",公開,1999-11-02,"傀儡師","特選名著復刻全集近代文学館、日本近代文学館","",""
000879,"芥川 竜之介",000060,"地獄変",新字旧仮名,"","もりみつじゅんじ","j.utiyama",公開,1998-12-02,"芥川龍之介全集　第一巻","岩波書店","",""
000879,"芥川 竜之介",003818,"詩集",新字旧仮名,"","土屋隆","松永正敏",公開,2007-07-19,"筑摩全集類聚　芥川龍之介全集第四巻","筑摩書房","1979（昭和54）年4月10日初版第11刷",""
000879,"芥川 竜之介",000013,"十本の針",新字新仮名,"","j.utiyama","菅野朋子",公開,1999-05-15,"或阿呆の一生・侏儒の言葉","角川文庫、角川書店","1984（昭和59）年9月30日改版22刷",""
000879,"芥川 竜之介",003742,"支那の画",新字旧仮名,"","土屋隆","松永正敏",公開,2007-07-19,"筑摩全集類聚　芥川龍之介全集第四巻","筑摩書房","1979（昭和54）年4月10日初版第11刷",""
000879,"芥川 竜之介",051212,"「支那游記」自序",新字新仮名,"","門田裕志","岡山勝美",公開,2015-03-28,"上海游記・江南游記","講談社文芸文庫、講談社","2001（平成13）年10月10日第1刷","2001（平成13）年10月10日第1刷"
000879,"芥川 竜之介",043380,"島木赤彦氏",新字新仮名,"","向井樹里","砂場清隆",公開,2007-03-10,"大川の水・追憶・本所両国　現代日本のエッセイ","講談社文芸文庫、講談社","1995（平成7）年1月10日第1刷","1995（平成7）年1月10日第1刷"
000879,"芥川 竜之介",002326,"耳目記",新字旧仮名,"","j.utiyama","j.utiyama",公開,1999-02-15,"芥川龍之介全集　第四巻","筑摩書房","1971（昭和46）年10月5日初版第5刷","1971（昭和46）年10月5日初版第5刷"
000879,"芥川 竜之介",001129,"霜夜",新字旧仮名,"","もりみつじゅんじ","松永正敏",公開,2002-10-05,"芥川龍之介全集　第十巻","岩波書店","1996（平成8）年8月8日発行",""
000879,"芥川 竜之介",000059,"邪宗門",新字新仮名,"","j.utiyama","かとうかおり",公開,1998-12-07,"芥川龍之介全集2","ちくま文庫、筑摩書房","1996（平成8）7月15日第11刷","1996（平成8）7月15日第11刷"
000879,"芥川 竜之介",051215,"上海游記",新字新仮名,"","門田裕志","岡山勝美",公開,2015-05-24,"上海游記・江南游記","講談社文芸文庫、講談社","2001（平成13）年10月10日第1刷","2001（平成13）年10月10日第1刷"
000879,"芥川 竜之介",000062,"十円札",新字新仮名,"","j.utiyama","かとうかおり",公開,1999-01-05,"芥川龍之介全集5","ちくま文庫、筑摩書房","1995（平成7）年4月10日第6刷","1996（平成8）年7月15日第7刷"
000879,"芥川 竜之介",000162,"秋山図",新字新仮名,"","j.utiyama","もりみつじゅんじ",公開,1999-05-15,"日本文学全集28芥川龍之介集","集英社","",""
000879,"芥川 竜之介",003769,"蒐書",新字旧仮名,"","土屋隆","松永正敏",公開,2007-07-19,"筑摩全集類聚　芥川龍之介全集第四巻","筑摩書房","1979（昭和54）年4月10日初版第11刷",""
000879,"芥川 竜之介",000158,"侏儒の言葉",新字新仮名,"","j.utiyama","かとうかおり",公開,1999-01-13,"芥川龍之介全集7","ちくま文庫、筑摩書房","1998（平成10）年2月17日第4刷","1998（平成10）年2月17日第4刷"
000879,"芥川 竜之介",043751,"侏儒の言葉",新字旧仮名,"","五十嵐仁","林幸雄",公開,2007-10-11,"芥川龍之介全集　第十三巻","岩波書店","1996（平成8）年11月8日発行","1996（平成8）年11月8日発行"
000879,"芥川 竜之介",024451,"「侏儒の言葉」の序",旧字旧仮名,"","高柳典子","多羅尾伴内",公開,2003-07-24,"芥川龍之介全集　第九巻","岩波書店","1983（昭和58）年1月20日第2刷",""
000879,"芥川 竜之介",000161,"酒虫",新字旧仮名,"","もりみつじゅんじ","林めぐみ",公開,1998-11-13,"芥川龍之介全集　第一巻","岩波書店","",""
000879,"芥川 竜之介",000160,"出帆",新字新仮名,"","j.utiyama","かとうかおり",公開,1999-01-12,"羅生門・鼻・芋粥","角川文庫、角川書店","1985（昭和60）年11月10日改版38版","1985（昭和60）年11月10日改版38版"
000879,"芥川 竜之介",000063,"じゅりあの・吉助",新字新仮名,"","j.utiyama","もりみつじゅんじ",公開,1998-12-28,"芥川龍之介全集3","ちくま文庫、筑摩書房","1996（平成8）年4月1日第8刷発行",""
000879,"芥川 竜之介",000159,"俊寛",新字新仮名,"","j.utiyama","かとうかおり",公開,1998-12-19,"芥川龍之介全集4","ちくま文庫、筑摩書房","1993（平成5）年12月25日第6刷","1996（平成8）年7月15日第8刷"
000879,"芥川 竜之介",000156,"将軍",新字新仮名,"","j.utiyama","かとうかおり",公開,1999-01-12,"芥川龍之介全集4","ちくま文庫、筑摩書房","1996（平成8）年7月15日第8刷","1996（平成8）年7月15日第8刷"
000879,"芥川 竜之介",003813,"商賈聖母",新字旧仮名,"","土屋隆","松永正敏",公開,2007-07-19,"筑摩全集類聚　芥川龍之介全集第四巻","筑摩書房","1979（昭和54）年4月10日初版第11刷",""
000879,"芥川 竜之介",003801,"饒舌",新字旧仮名,"","土屋隆","松永正敏",公開,2007-07-22,"筑摩全集類聚　芥川龍之介全集第四巻","筑摩書房","1979（昭和54）年4月10日初版第11刷",""
000879,"芥川 竜之介",004313,"小説作法十則",新字旧仮名,"","もりみつじゅんじ","土屋隆",公開,2009-01-21,"芥川龍之介全集　第十六巻","岩波書店","1997（平成9）年2月10日　","1997（平成9）年2月10日"
000879,"芥川 竜之介",004278,"小説の戯曲化",新字旧仮名,"","もりみつじゅんじ","松永正敏",公開,2002-10-06,"芥川龍之介全集　第十一巻","岩波書店","1996（平成8）年9月9日発行",""
000879,"芥川 竜之介",003794,"小説の読者",新字旧仮名,"","土屋隆","松永正敏",公開,2007-07-22,"筑摩全集類聚　芥川龍之介全集第四巻","筑摩書房","1979（昭和54）年4月10日初版第11刷",""
000879,"芥川 竜之介",000155,"少年",新字新仮名,"","j.utiyama","かとうかおり",公開,1999-01-08,"芥川龍之介全集5","ちくま文庫、筑摩書房","1995（平成7）年4月10日第6刷","1996（平成8）年7月15日第7刷"
000879,"芥川 竜之介",003770,"娼婦美と冒険",新字旧仮名,"","土屋隆","松永正敏",公開,2007-07-22,"筑摩全集類聚　芥川龍之介全集第四巻","筑摩書房","1979（昭和54）年4月10日初版第11刷",""
000879,"芥川 竜之介",003795,"食物として",新字旧仮名,"","土屋隆","松永正敏",公開,2007-07-22,"筑摩全集類聚　芥川龍之介全集第四巻","筑摩書房","1979（昭和54）年4月10日初版第11刷",""
000879,"芥川 竜之介",000148,"虱",新字旧仮名,"","j.utiyama","野口英司",公開,1998-03-16,"現代日本文学大系　43　芥川龍之介集","筑摩書房","1968（昭和43）年8月25日初版第1刷",""
000879,"芥川 竜之介",024452,"しるこ",旧字旧仮名,"","高柳典子","多羅尾伴内",公開,2003-07-24,"芥川龍之介全集　第九巻","岩波書店","1983（昭和58）年1月20日第2刷",""
000879,"芥川 竜之介",000149,"白",新字新仮名,"","j.utiyama","もりみつじゅんじ",公開,1999-03-01,"芥川龍之介全集5","ちくま文庫、筑摩書房","1995（平成7）年4月10日第6刷",""
000879,"芥川 竜之介",000147,"蜃気楼",新字新仮名,"","j.utiyama","かとうかおり",公開,1999-01-24,"昭和文学全集　第1巻","小学館","1987（昭和62）年5月1日初版第1刷",""
000879,"芥川 竜之介",004280,"新緑の庭",新字旧仮名,"","もりみつじゅんじ","松永正敏",公開,2002-10-06,"芥川龍之介全集　第十一巻","岩波書店","1996（平成8）年9月9日発行",""
000879,"芥川 竜之介",002322,"塵労",新字旧仮名,"","j.utiyama","j.utiyama",公開,1999-02-15,"芥川龍之介全集　第四巻","筑摩書房","1971（昭和46）年10月5日初版第5刷","1971（昭和46）年10月5日初版第5刷"
000879,"芥川 竜之介",000153,"素戔嗚尊",新字新仮名,"","j.utiyama","湯地光弘",公開,1999-08-27,"芥川龍之介全集3","ちくま文庫、筑摩書房","1996（平成8）年4月1日第8刷","1997（平成9）年4月15日第9刷"
000879,"芥川 竜之介",000154,"捨児",新字新仮名,"","j.utiyama","かとうかおり",公開,1998-12-19,"芥川龍之介全集4","ちくま文庫、筑摩書房","1993（平成5）年12月25日第6刷","1996（平成8）年7月15日第8刷"
000879,"芥川 竜之介",000142,"青年と死",新字新仮名,"","野口英司","",公開,1998-03-11,"芥川龍之介全集1","ちくま文庫、筑摩書房","1997（平成9）年4月15日第14刷",""
000879,"芥川 竜之介",003756,"西洋画のやうな日本画",新字旧仮名,"","土屋隆","松永正敏",公開,2007-07-22,"筑摩全集類聚　芥川龍之介全集第四巻","筑摩書房","1979（昭和54）年4月10日初版第11刷",""
000879,"芥川 竜之介",000143,"仙人",新字新仮名,"","j.utiyama","かとうかおり",公開,1998-12-06,"芥川龍之介全集1","ちくま文庫、筑摩書房","1995（平成7）年10月5日第13刷","1997（平成9）年4月15日第14刷"
000879,"芥川 竜之介",000144,"仙人",新字新仮名,"","j.utiyama","かとうかおり",公開,1999-01-05,"芥川龍之介全集5","ちくま文庫、筑摩書房","1995（平成7）年4月10日第6刷","1996（平成8）年7月15日第7刷"
000879,"芥川 竜之介",002325,"仙人",新字旧仮名,"","j.utiyama","j.utiyama",公開,1999-02-15,"芥川龍之介全集　第四巻","筑摩書房","1971（昭和46）年10月5日初版第5刷","1971（昭和46）年10月5日初版第5刷"
000879,"芥川 竜之介",000150,"葬儀記",新字新仮名,"","j.utiyama","かとうかおり",公開,1999-01-12,"羅生門・鼻・芋粥","角川文庫、角川書店","1985（昭和60）年11月10日改版38版","1985（昭和60）年11月10日改版38版"
000879,"芥川 竜之介",003799,"創作",新字旧仮名,"","土屋隆","松永正敏",公開,2007-08-09,"筑摩全集類聚　芥川龍之介全集第四巻","筑摩書房","1979（昭和54）年4月10日初版第11刷",""
000879,"芥川 竜之介",000152,"早春",新字新仮名,"","j.utiyama","奥西久美",公開,1998-12-11,"芥川龍之介全集5","ちくま文庫、筑摩書房","1995（平成7）年4月10日第6刷","1996（平成8）年7月15日第7刷"
000879,"芥川 竜之介",000151,"漱石山房の秋",新字旧仮名,"","j.utiyama","かとうかおり",公開,1999-01-26,"芥川龍之介作品集　第三巻","昭和出版社","1965（昭和40）年12月20日",""
000879,"芥川 竜之介",002321,"漱石山房の冬",新字旧仮名,"","j.utiyama","かとうかおり",公開,1999-01-26,"芥川龍之介作品集　第三巻","昭和出版社","",""
000879,"芥川 竜之介",004301,"装幀に就いての私の意見",新字旧仮名,"","もりみつじゅんじ","松永正敏",公開,2002-10-08,"芥川龍之介全集　第十二巻","岩波書店","1996（平成8）年10月8日発行",""
000879,"芥川 竜之介",000191,"続西方の人",新字旧仮名,"","j.utiyama","野口英司",公開,1998-06-04,"現代日本文学大系　43　芥川龍之介集","筑摩書房","1968（昭和43）年8月25日初版第1刷",""
000879,"芥川 竜之介",003746,"続澄江堂雑記",新字旧仮名,"","土屋隆","松永正敏",公開,2007-07-22,"筑摩全集類聚　芥川龍之介全集第四巻","筑摩書房","1979（昭和54）年4月10日初版第11刷",""
000879,"芥川 竜之介",000189,"続芭蕉雑記",新字旧仮名,"","j.utiyama","かとうかおり",公開,1999-01-14,"現代日本文学大系　43　芥川龍之介集","筑摩書房","1968（昭和43）年8月25日初版第1刷",""
000879,"芥川 竜之介",000190,"続文芸的な、余りに文芸的な",新字旧仮名,"","j.utiyama","かとうかおり",公開,1999-02-02,"現代日本文学大系　43　芥川龍之介集","筑摩書房","1968（昭和43）年8月25日初版第1刷",""
000879,"芥川 竜之介",003744,"続野人生計事",新字旧仮名,"","土屋隆","松永正敏",公開,2007-08-09,"筑摩全集類聚　芥川龍之介全集第四巻","筑摩書房","1979（昭和54）年4月10日初版第11刷",""
000879,"芥川 竜之介",003793,"その頃の赤門生活",新字旧仮名,"","土屋隆","松永正敏",公開,2007-07-22,"筑摩全集類聚　芥川龍之介全集第四巻","筑摩書房","1979（昭和54）年4月10日初版第11刷",""
000879,"芥川 竜之介",000157,"素描三題",新字旧仮名,"","j.utiyama","j.utiyama",公開,1999-02-15,"芥川龍之介全集　第四巻","筑摩書房","1971（昭和46）年10月5日初版第5刷","1971（昭和46）年10月5日初版第5刷"
000879,"芥川 竜之介",004628,"槍ヶ岳紀行",新字旧仮名,"","林幸雄","砂場清隆",公開,2003-03-24,"現代日本紀行文学全集　中部日本編","ほるぷ出版","1976（昭和51）年8月1日",""
000879,"芥川 竜之介",000181,"槍が岳に登った記",新字新仮名,"","j.utiyama","かとうかおり",公開,1999-01-11,"羅生門・鼻・芋粥","角川文庫、角川書店","1985（昭和60）年11月10日改版38版","1985（昭和60）年11月10日改版38版"
000879,"芥川 竜之介",001127,"悠々荘",新字新仮名,"","j.utiyama","小林繁雄",公開,2005-03-05,"芥川龍之介全集6","ちくま文庫、筑摩書房","1987（昭和62）年3月24日第1刷","2001（平成13）年11月20日第10刷"
000879,"芥川 竜之介",000188,"誘惑",新字新仮名,"","j.utiyama","かとうかおり",公開,1999-01-26,"昭和文学全集　第1巻","小学館","1987（昭和62）年5月1日初版第1刷",""
000879,"芥川 竜之介",003817,"雪",新字旧仮名,"","土屋隆","松永正敏",公開,2007-08-06,"筑摩全集類聚　芥川龍之介全集第四巻","筑摩書房","1979（昭和54）年4月10日初版第11刷",""
000879,"芥川 竜之介",000186,"夢",新字新仮名,"","j.utiyama","もりみつじゅんじ",公開,1999-03-01,"芥川龍之介全集6","ちくま文庫、筑摩書房","1993（平成5）年2月25日第6刷",""
000879,"芥川 竜之介",004308,"夢",新字旧仮名,"","もりみつじゅんじ","林幸雄",公開,2002-01-26,"芥川龍之介全集　第十三巻","岩波書店","",""
000879,"芥川 竜之介",000187,"百合",新字新仮名,"","j.utiyama","かとうかおり",公開,1999-01-08,"芥川龍之介全集5","ちくま文庫、筑摩書房","1995（平成7）年4月10日第6刷","1996（平成8）年7月15日第7刷"
000879,"芥川 竜之介",000184,"妖婆",新字新仮名,"","j.utiyama","かとうかおり",公開,1998-12-08,"芥川龍之介全集3","ちくま文庫、筑摩書房","1996（平成8）年4月1日第8刷","1997（平成9）年4月15日第9刷"
000879,"芥川 竜之介",001135,"横須賀小景",新字旧仮名,"","もりみつじゅんじ","林幸雄",公開,2002-01-26,"芥川龍之介全集　第十三巻","岩波書店","1996（平成8）年11月8日",""
000879,"芥川 竜之介",000183,"世之助の話",新字旧仮名,"","j.utiyama","柳沢成雄",公開,1998-10-11,"現代日本文学大系　43　芥川龍之介集","筑摩書房","1968（昭和43）年8月25日初版第1刷",""
000879,"芥川 竜之介",003757,"世の中と女",新字旧仮名,"","土屋隆","松永正敏",公開,2007-08-06,"筑摩全集類聚　芥川龍之介全集第四巻","筑摩書房","1979（昭和54）年4月10日初版第11刷",""
000879,"芥川 竜之介",000127,"羅生門",新字新仮名,"","野口英司、平山誠","もりみつじゅんじ",公開,1997-10-29,"芥川龍之介全集1","ちくま文庫、筑摩書房","1997（平成9）年4月15日第14刷",""
000879,"芥川 竜之介",000128,"羅生門",旧字旧仮名,"","j.utiyama","野口英司、もりみつじゅんじ",公開,1999-06-09,"新選　名著復刻全集　近代文学館　芥川龍之介著　羅生門　阿蘭陀書房版","ほるぷ出版","",""
000879,"芥川 竜之介",000022,"羅生門の後に",新字新仮名,"","j.utiyama","もりみつじゅんじ",公開,1998-12-28,"日本の文学　33　羅生門","ほるぷ出版","1986（昭和61）年12月1日初版第3刷",""
000879,"芥川 竜之介",003768,"リチャード・バートン訳「一千一夜物語」に就いて",新字旧仮名,"","土屋隆","松永正敏",公開,2007-08-09,"筑摩全集類聚　芥川龍之介全集第四巻","筑摩書房","1979（昭和54）年4月10日初版第11刷",""
000879,"芥川 竜之介",000134,"竜",新字新仮名,"","j.utiyama","かとうかおり",公開,1998-12-08,"芥川龍之介全集3","ちくま文庫、筑摩書房","1996（平成8）年4月1日第8刷","1997（平成9）年4月15日第9刷"
000879,"芥川 竜之介",000133,"るしへる",新字新仮名,"","j.utiyama","かとうかおり",公開,1998-12-07,"芥川龍之介全集2","ちくま文庫、筑摩書房","1996（平成8）7月15日第11刷","1996（平成8）7月15日第11刷"
000879,"芥川 竜之介",059231,"レオナルド・ダ・ヴインチの手記 ―― Leonardo da Vinci ――",旧字旧仮名,"芥川 竜之介","かな　とよみ","フクポー",公開,2019-04-15,"芥川龍之介全集　第十二卷","岩波書店","1978（昭和53）年7月24日","1978（昭和53）年7月24日"
000879,"芥川 竜之介",004279,"恋愛と夫婦愛とを混同しては不可ぬ",新字旧仮名,"","もりみつじゅんじ","綾小路毅",公開,2002-10-05,"芥川龍之介全集　第十一巻","岩波書店","1996（平成8）年9月9日発行",""
000879,"芥川 竜之介",000131,"老年",新字新仮名,"","野口英司","野口英司",公開,1998-02-21,"芥川龍之介全集1","ちくま文庫、筑摩書房","1997（平成9）年4月15日第14刷",""
000879,"芥川 竜之介",003819,"臘梅",新字旧仮名,"","土屋隆","松永正敏",公開,2007-08-06,"筑摩全集類聚　芥川龍之介全集第四巻","筑摩書房","1979（昭和54）年4月10日初版第11刷",""
000879,"芥川 竜之介",000130,"六の宮の姫君",新字旧仮名,"","j.utiyama","林めぐみ",公開,1998-12-02,"現代日本文学大系　43　芥川龍之介集","筑摩書房","1968（昭和43）年8月25日初版第1刷",""
000879,"芥川 竜之介",000132,"路上",新字新仮名,"","j.utiyama","かとうかおり",公開,1999-03-01,"芥川龍之介全集3","ちくま文庫、筑摩書房","1996（平成8）年4月1日第8刷","1997（平成9）年4月15日第9刷"
000879,"芥川 竜之介",000094,"LOS CAPRICHOS",新字旧仮名,"","j.utiyama","かとうかおり",公開,1999-01-26,"芥川龍之介作品集第三巻","昭和出版社","1965（昭和40）年12月20日",""
000879,"芥川 竜之介",024455,"露訳短篇集の序",旧字旧仮名,"","高柳典子","多羅尾伴内",公開,2003-07-24,"芥川龍之介全集　第九巻","岩波書店","1983（昭和58）年1月20日第2刷",""
000879,"芥川 竜之介",003812,"わが散文詩",新字旧仮名,"","土屋隆","松永正敏",公開,2007-08-06,"筑摩全集類聚　芥川龍之介全集第四巻","筑摩書房","1979（昭和54）年4月10日初版第11刷",""
000879,"芥川 竜之介",003771,"わが俳諧修業",新字旧仮名,"","土屋隆","浅原庸子",公開,2007-05-24,"筑摩全集類聚　芥川龍之介全集第四巻","筑摩書房","1979（昭和54）年4月10日初版第11刷","1977（昭和52）年9月30日初版第10刷　"
000879,"芥川 竜之介",003798,"わが家の古玩",新字旧仮名,"","土屋隆","松永正敏",公開,2007-08-09,"筑摩全集類聚　芥川龍之介全集第四巻","筑摩書房","1979（昭和54）年4月10日初版第11刷",""
000879,"芥川 竜之介",003806,"忘れられぬ印象",新字旧仮名,"","土屋隆","松永正敏",公開,2007-08-09,"筑摩全集類聚　芥川龍之介全集第四巻","筑摩書房","1979（昭和54）年4月10日初版第11刷",""
000879,"芥川 竜之介",004871,"私の好きなロマンス中の女性",新字旧仮名,"","砂場清隆","高柳典子",公開,2006-03-27,"芥川龍之介全集　第一巻","岩波書店","1996（平成8）年4月8日","1996（平成8）年4月8日"
000380,"浅井 洌",050555,"県歌　信濃の国",新字新仮名,"","大野晋","川山隆",公開,2010-01-21,"淺井洌","松本市教育会","1990（平成2）年12月20日","1990（平成2）年12月20日　"
000380,"浅井 洌",050549,"信濃国 明治三十二年",旧字旧仮名,"","大野晋","川山隆",公開,2010-01-21,"淺井洌","松本市教育会","1990（平成2）年12月20日","1990（平成2）年12月20日"
000139,"朝倉 克彦",000739,"シャドウ・ワーク",新字新仮名,"","朝倉克彦","",公開,2000-02-22,"","","",""
001487,"浅沼 稲次郎",051165,"浅沼稲次郎の三つの代表的演説",新字新仮名,"","門田裕志","仙酔ゑびす",公開,2011-01-04,"浅沼稲次郎　私の履歴書ほか","日本図書センター","1998（平成10）年8月25日第1刷","1998（平成10）年8月25日第1刷"
001487,"浅沼 稲次郎",051166,"まあまあ居士の弁 私の歩いてきた道",新字新仮名,"","門田裕志","仙酔ゑびす",公開,2011-01-04,"浅沼稲次郎　私の履歴書ほか","日本図書センター","1998（平成10）年8月25日第1刷","1998（平成10）年8月25日第1刷"
001487,"浅沼 稲次郎",051167,"私の履歴書",新字新仮名,"","門田裕志","仙酔ゑびす",公開,2011-01-01,"浅沼稲次郎　私の履歴書ほか","日本図書センター","1998（平成10）年8月25日第1刷","1998（平成10）年8月25日第1刷"
001816,"浅野 正恭",056891,"小桜姫物語 01 舌代",新字新仮名,"","浅野和三郎・著作保存会","POKEPEEK2011",公開,2012-10-09,"霊界通信　小桜姫物語","潮文社","1998（平成10）年7月31日第9刷",""
001034,"浅野 和三郎",004823,"小桜姫物語 03 小桜姫物語",新字新仮名,"","浅野和三郎・著作保存会","POKEPEEK2011",公開,2012-10-09,"霊界通信　小桜姫物語","潮文社","1998（平成10）年7月31日第9刷","1985（昭和60）年7月31日第1刷"
001034,"浅野 和三郎",004826,"霊訓",新字新仮名,"浅野 和三郎","浅野和三郎・著作保存会","土屋隆",公開,2008-06-14,"霊訓","潮文社","1995（平成7）年4月20日初版","1995（平成7）年4月20日初版"
001465,"東 健而",050718,"瀕死の探偵",新字新仮名,"大久保 ゆう、東 健而","大久保ゆう","",公開,2009-12-19,"","","",""
001421,"阿部 次郎",050421,"合本三太郎の日記　序",旧字旧仮名,"","Nana ohbe","富田倫生",公開,2012-04-04,"合本三太郎の日記","角川書店","1966（昭和41）年10月30日50版","　"
001421,"阿部 次郎",050735,"合本三太郎の日記の後に",旧字旧仮名,"","Nana ohbe","富田倫生",公開,2012-04-04,"合本三太郎の日記","角川書店","1966（昭和41）年10月30日第50版","　"
001421,"阿部 次郎",050279,"帰来",新字旧仮名,"","門田裕志","仙酔ゑびす",公開,2010-01-01,"日本の名随筆　別巻94　江戸","作品社","1998（平成10）年12月25日第1刷","1998（平成10）年12月25日第1刷"
001421,"阿部 次郎",050422,"三太郎の日記　第一",旧字旧仮名,"","Nana ohbe","山川",公開,2011-08-12,"合本三太郎の日記","角川書店","1966（昭和41）年10月30日50版","1966（昭和41）年10月30日50版　"
001421,"阿部 次郎",050423,"三太郎の日記　第三",旧字旧仮名,"","Nana ohbe","山川",公開,2012-03-20,"合本三太郎の日記","角川書店","1966（昭和41）年10月30日50版","1966（昭和41）年10月30日50版"
001421,"阿部 次郎",050424,"三太郎の日記　第二",旧字旧仮名,"","Nana ohbe","山川",公開,2011-09-17,"合本三太郎の日記","角川書店","1966（昭和41）年10月30日50版","1966（昭和41）年10月30日50版"
000225,"阿部 徳蔵",001142,"美術曲芸しん粉細工",新字新仮名,"","葵","篠原陽子",公開,2001-03-22,"日本の名随筆　別巻7　奇術","作品社","",""
001909,"安倍 能成",058136,"初旅の残像",新字旧仮名,"","Juki","日野ととり",公開,2017-01-01,"ふるさと文学館　第四四巻　【愛媛】","ぎょうせい","1993（平成5）年10月15日初版","1993（平成5）年10月15日初版"
001964,"天川 恵三郎",058876,"天川恵三郎手記",新字旧仮名,"","フクポー","岩下恵介",公開,2019-04-05,"近代民衆の記録　５　――アイヌ","新人物往来社","1978（昭和53）年8月20日2刷","1972年（昭和47）年6月15日"
001048,"アミーチス エドモンド・デ",045381,"母を尋ねて三千里",新字新仮名,"日本童話研究会 ","京都大学電子テクスト研究会入力班","京都大学電子テクスト研究会校正班",公開,2005-07-26,"家なき子","九段書房","1927（昭和2）年10月15日",""
001948,"鮎川 義介",058686,"革命を待つ心 ――今の実業家、昔の実業家――",旧字旧仮名,"","sogo","富田晶子",公開,2018-01-01,"文藝春秋　昭和二十八年十一月號","文藝春秋新社","1953（昭和28）年11月1日","1953（昭和28）年11月1日"
001902,"新井 紀一",058089,"怒れる高村軍曹",新字旧仮名,"","富田晶子","日野ととり",公開,2017-01-01,"編年体　大正文学全集　第十巻　大正十年","ゆまに書房","2002（平成14）年3月25日第1版第1刷","2002（平成14）年3月25日第1版第1刷"
001839,"荒木 光二郎",057302,"フランダースの犬",新字新仮名,"荒木 光二郎","荒木光二郎","",公開,2015-09-20,"","","",""
001716,"アラルコン ペドロ・アントニオ",055243,"「黒瞳」より",旧字旧仮名,"上田 敏","川山隆","成宮佐知子",公開,2012-12-02,"上田敏全訳詩集","岩波文庫、岩波書店","2010（平成22）年4月21日第38刷改版","2011（平成23）年6月15日第39刷"
000025,"有島 武郎",000201,"或る女 1（前編）",新字新仮名,"","真先芳秋","渥美浩子",公開,1999-10-28,"或る女　前編","岩波文庫、岩波書店","1998（平成10）年11月16日第42刷","1998（平成10）年11月16日第42刷"
000025,"有島 武郎",000202,"或る女 2（後編）",新字新仮名,"","真先芳秋","地田尚",公開,2000-03-01,"或る女　後編","岩波文庫、岩波書店","1998（平成10）年11月16日第37刷",""
000025,"有島 武郎",004490,"An Incident",新字旧仮名,"","さくらいゆみこ","浅原庸子",公開,2004-03-08,"現代文学大系　22　有島武郎集","筑摩書房","1969（昭和44）年3月10日初版第10刷"," "
000025,"有島 武郎",001111,"生まれいずる悩み",新字新仮名,"","土田一柄","丹羽倫子",公開,2000-10-10,"小さき者へ・生まれいずる悩み","岩波文庫、岩波書店","1998（平成10）年4月6日第71刷改版",""
000025,"有島 武郎",001145,"運命と人",新字旧仮名,"","石橋幸一郎","門田裕志",公開,2002-12-04,"日本の名随筆96　運","作品社","1996（平成8）年8月25日第6刷",""
000025,"有島 武郎",001147,"描かれた花",新字旧仮名,"","加藤恭子","小林繁雄、門田裕志",公開,2005-05-17,"日本の名随筆23　画","作品社","1991（平成3）年10月20日第12刷",""
000019,"アンデルセン ハンス・クリスチャン",042385,"ひこうかばん",新字新仮名,"楠山 正雄","大久保ゆう","秋鹿",公開,2006-03-02,"新訳アンデルセン童話集第一巻","同和春秋社","1955（昭和30）年7月20日初版","1955（昭和30）年7月20日初版"
000019,"アンデルセン ハンス・クリスチャン",000194,"マッチ売りの少女",新字新仮名,"大久保 ゆう","大久保ゆう","",公開,1999-12-29,"","","",""
000019,"アンデルセン ハンス・クリスチャン",002247,"マッチ売りの少女",新字新仮名,"結城 浩","結城浩","",公開,2000-11-02,"","","",""
000019,"アンデルセン ハンス・クリスチャン",042386,"醜い家鴨の子",新字新仮名,"菊池 寛","大久保ゆう","秋鹿",公開,2006-03-08,"小學生全集第五卷　アンデルゼン童話集","興文社、文藝春秋社","1928（昭和3）年8月1日","1928（昭和3）年8月1日"
000019,"アンデルセン ハンス・クリスチャン",044423,"もみの木",新字新仮名,"楠山 正雄","大久保ゆう","秋鹿",公開,2006-03-06,"新訳アンデルセン童話集第二巻","同和春秋社","1955（昭和30）年7月15日初版","1955（昭和30）年7月15日初版"
000019,"アンデルセン ハンス・クリスチャン",042387,"雪の女王 七つのお話でできているおとぎ物語",新字新仮名,"楠山 正雄","大久保ゆう","鈴木厚司",公開,2005-12-25,"新訳アンデルセン童話集　第二巻","同和春秋社","1955（昭和30）年7月15日初版","　"
000907,"アンドレーエフ レオニード・ニコラーエヴィチ",004251,"犬",新字新仮名,"森 鴎外、森 林太郎","鈴木修一","松永正敏",公開,2003-09-04,"於母影　冬の王　森鴎外全集12","ちくま文庫、筑摩書房","1996（平成8）年3月21日第1刷","　"
000907,"アンドレーエフ レオニード・ニコラーエヴィチ",004407,"世界怪談名作集 14 ラザルス",新字新仮名,"岡本 綺堂","和井府清十郎","もりみつじゅんじ、土屋隆",公開,2008-11-24,"澁澤龍彦文学館　12　最後の箱","筑摩書房","1991（平成3）年10月25日初版第1刷",""
001597,"李 箱",053717,"AU MAGASIN DE NOUVEAUTES",新字旧仮名,"","坂本真一","春日井ひとし",公開,2018-01-11,"李箱作品集成","作品社","2006（平成18）年9月15日第1刷","2006（平成18）年9月15日第1刷"
001597,"李 箱",053691,"BOITEUX ・ BOITEUSE",新字新仮名,"","坂本真一","きゅうり",公開,2018-09-14,"李箱作品集成","作品社","2006（平成18）年9月15日第1刷","2006（平成18）年9月15日第1刷"
001597,"李 箱",053693,"▽ノ遊戯―― △ハ俺ノ AMOUREUSE デアル",新字旧仮名,"","坂本真一","きゅうり",公開,2018-09-14,"李箱作品集成","作品社","2006（平成18）年9月15日第1刷","2006（平成18）年9月15日第1刷"
001597,"李 箱",053694,"異常ナ可逆反応",新字旧仮名,"","坂本真一","hitsuji",公開,2019-04-17,"李箱作品集成","作品社","2006（平成18）年9月15日第1刷","2006（平成18）年9月15日第1刷"
001597,"李 箱",053697,"興行物天使 ――或る後日譚として――",新字旧仮名,"","坂本真一","hitsuji",公開,2019-04-17,"李箱作品集成","作品社","2006（平成18）年9月15日第1刷","2006（平成18）年9月15日第1刷"
000153,"石川 啄木",004100,"菊池君",旧字旧仮名,"","Nana ohbe","松永正敏",公開,2003-03-30,"石川啄木作品集　第二巻","昭和出版社","1970（昭和45）年11月20日発行","1972（昭和47）年6月20日発行"
000153,"石川 啄木",045461,"菊池君",新字旧仮名,"","Nana ohbe","川山隆",公開,2008-11-07,"石川啄木全集　第三巻　小説","筑摩書房","1993（平成5）年5月20日初版第7刷","1993（平成5年）年5月20日初版第7刷"
000153,"石川 啄木",004097,"雲は天才である",旧字旧仮名,"","Nana ohbe","松永正敏",公開,2003-03-26,"石川啄木作品集　第二巻","昭和出版社","1970（昭和45）年11月20日発行","1972（昭和47）年6月20日発行"
000153,"石川 啄木",045462,"雲は天才である",新字旧仮名,"","Nana ohbe","林幸雄",公開,2008-08-20,"石川啄木全集　第三巻　小説","筑摩書房","1993（平成5）年5月20日初版第7刷","1986（昭和61）年12月15日初版第6刷"
000153,"石川 啄木",048138,"雲間寸観",旧字旧仮名,"","蒋龍","阿部哲也",公開,2012-04-28,"啄木全集　第十卷","岩波書店","1961（昭和36）年8月10日新装第1刷","1961（昭和36）年8月10日新装第1刷"
000153,"石川 啄木",048366,"刑余の叔父",新字旧仮名,"","林幸雄","川山隆",公開,2008-11-07,"石川啄木全集　第三巻　小説","筑摩書房","1986（昭和61）年12月15日初版第6刷","1993（平成5年）年5月20日初版第7刷"
000153,"石川 啄木",000811,"氷屋の旗",新字旧仮名,"","砂場清隆","菅野朋子",公開,2000-06-03,"日本の名随筆18　夏","作品社","",""
000153,"石川 啄木",047891,"心の姿の研究",新字旧仮名,"","蒋龍","川山隆",公開,2008-06-26,"日本の文学　15　石川啄木・正岡子規・高浜虚子","中央公論社","1973（昭和48）年7月30日10版","1967（昭和42）年6月5日初版"
000153,"石川 啄木",045463,"札幌",新字旧仮名,"","Nana ohbe","川山隆",公開,2008-07-30,"石川啄木全集　第三巻　小説","筑摩書房","1993（平成5）年5月20日初版第7刷","1993（平成5）年5月20日初版第7刷"
000153,"石川 啄木",004696,"札幌",旧字旧仮名,"","Nana ohbe","林幸雄",公開,2003-11-08,"石川啄木作品集　第三巻","昭和出版社","1970（昭和45）年11月20日発行","1960（昭和35）年3月10日発行"
000153,"石川 啄木",050410,"散文詩",旧字旧仮名,"斎藤 三郎","蒋龍","阿部哲也",公開,2012-07-08,"啄木全集　第二卷","岩波書店","1961（昭和36）年4月13日新装第1刷",""
000153,"石川 啄木",000817,"詩",新字旧仮名,"","j.utiyama","八巻美恵",公開,1998-11-11,"日本文学全集　12　国木田独歩　石川啄木集","集英社","1972（昭和47）年9月10日第9版","1972（昭和47）年10月7日"
000153,"石川 啄木",000814,"時代閉塞の現状 （強権、純粋自然主義の最後および明日の考察）",新字新仮名,"","j.utiyama","浜野智",公開,1998-08-01,"日本文学全集　12　国木田独歩　石川啄木集","集英社","1972（昭和47）年9月10日第9版","1972（昭和47）年10月7日"
000153,"石川 啄木",049678,"渋民村より",新字旧仮名,"","林幸雄","noriko saito",公開,2010-06-04,"石川啄木全集第四巻　評論・感想","筑摩書房","1982（昭和57）年11月30日初版第3刷","1988（昭和63）年2月1日初版第5刷"
000153,"石川 啄木",050411,"唱歌",旧字旧仮名,"斎藤 三郎","蒋龍","阿部哲也",公開,2012-07-13,"啄木全集　第二卷","岩波書店","1961（昭和36）年4月13日新装第1刷",""
000153,"石川 啄木",048139,"小説「墓場」に現れたる著者木下氏の思想と平民社一派の消息",旧字旧仮名,"","蒋龍","阿部哲也",公開,2012-04-28,"啄木全集　第十卷","岩波書店","1961（昭和36）年8月10日新装第1刷","1961（昭和36）年8月10日新装第1刷"
000153,"石川 啄木",048140,"消息",旧字旧仮名,"","蒋龍","阿部哲也",公開,2012-04-28,"啄木全集　第十卷","岩波書店","1961（昭和36）年8月10日新装第1刷","1961（昭和36）年8月10日新装第1刷"
000153,"石川 啄木",048158,"女郎買の歌",旧字旧仮名,"","蒋龍","小林繁雄",公開,2009-09-08,"啄木全集　第十卷","岩波書店","1961（昭和36）年8月10日新装第1刷  ","1961（昭和36）年8月10日新装第1刷"
000153,"石川 啄木",004697,"赤痢",旧字旧仮名,"","Nana ohbe","林幸雄",公開,2003-11-10,"石川啄木作品集　第三巻","昭和出版社","1970（昭和45）年11月20日発行","1960（昭和35）年3月10日発行"
000153,"石川 啄木",045464,"赤痢",新字旧仮名,"","Nana ohbe","川山隆",公開,2008-11-07,"石川啄木全集　第三巻　小説","筑摩書房","1993（平成5）年5月20日初版第7刷","1993（平成5年）年5月20日初版第7刷"
000153,"石川 啄木",000813,"性急な思想",新字新仮名,"","鈴木厚司","鈴木厚司",公開,1999-05-16,"石川啄木集（上）","新潮文庫、新潮社","1991（平成3）年3月5日第58刷","1991（平成3）年3月5日第58刷"
000153,"石川 啄木",003410,"雪中行 小樽より釧路まで",新字旧仮名,"","mayu","富田倫生",公開,2001-08-09,"日本随筆紀行第一巻　北海道　太古の原野に夢見て","作品社","1986（昭和61）年6月10日第1刷",""
000153,"石川 啄木",004098,"葬列",旧字旧仮名,"","Nana ohbe","松永正敏",公開,2003-04-04,"石川啄木作品集　第二巻","昭和出版社","1970（昭和45）年11月20日発行","1972（昭和47）年6月20日発行"
000153,"石川 啄木",045465,"葬列",新字旧仮名,"","Nana ohbe","川山隆",公開,2008-11-11,"石川啄木全集　第三巻　小説","筑摩書房","1993（平成5）年5月20日初版第7刷","1993（平成5）年5月20日初版第7刷"
000153,"石川 啄木",048159,"大硯君足下",旧字旧仮名,"","蒋龍","小林繁雄",公開,2009-10-30,"啄木全集　第十卷","岩波書店","1961（昭和36）年8月10日新装第1刷  ","1961（昭和36）年8月10日新装第1刷"
000153,"石川 啄木",048160,"第十八号室より",旧字旧仮名,"","蒋龍","小林繁雄",公開,2009-10-30,"啄木全集　第十卷","岩波書店","1961（昭和36）年8月10日新装第1刷  ","1961（昭和36）年8月10日新装第1刷"
000153,"石川 啄木",048161,"田園の思慕",旧字旧仮名,"","蒋龍","小林繁雄",公開,2009-09-08,"啄木全集　第十卷","岩波書店","1961（昭和36）年8月10日新装第1刷  ","1961（昭和36）年8月10日新装第1刷"
000153,"石川 啄木",004695,"鳥影",旧字旧仮名,"","Nana ohbe","林幸雄",公開,2007-02-25,"石川啄木作品集　第三巻","昭和出版社","1970（昭和45）年11月20日","　"
000153,"石川 啄木",046947,"鳥影",新字旧仮名,"","Nana ohbe","川山隆",公開,2008-11-11,"石川啄木全集　第三巻　小説","筑摩書房","1993（平成5）年5月20日初版第7刷","1993（平成5）年5月20日初版第7刷"
000153,"石川 啄木",048165,"トルストイ翁論文",旧字旧仮名,"","蒋龍","小林繁雄",公開,2009-11-02,"啄木全集　第十卷","岩波書店","1961（昭和36）年8月10日新装第1刷  ","1961（昭和36）年8月10日新装第1刷"
000153,"石川 啄木",048153,"NAKIWARAI を読む",旧字旧仮名,"","蒋龍","阿部哲也",公開,2012-05-05,"啄木全集　第十卷","岩波書店","1961（昭和36）年8月10日新装第1刷","1961（昭和36）年8月10日新装第1刷"
000153,"石川 啄木",048141,"日本無政府主義者陰謀事件経過及び付帯現象",旧字旧仮名,"","蒋龍","阿部哲也",公開,2012-05-05,"啄木全集　第十卷","岩波書店","1961（昭和36）年8月10日新装第1刷","1961（昭和36）年8月10日新装第1刷"
000153,"石川 啄木",048142,"人間の悲哀",旧字旧仮名,"","蒋龍","阿部哲也",公開,2012-05-05,"啄木全集　第十卷","岩波書店","1961（昭和36）年8月10日新装第1刷","1961（昭和36）年8月10日新装第1刷"
000153,"石川 啄木",048143,"農村の中等階級",旧字旧仮名,"","蒋龍","阿部哲也",公開,2012-05-05,"啄木全集　第十卷","岩波書店","1961（昭和36）年8月10日新装第1刷","1961（昭和36）年8月10日新装第1刷"
000153,"石川 啄木",004104,"葉書",旧字旧仮名,"","Nana ohbe","松永正敏",公開,2003-04-12,"石川啄木作品集　第二巻","昭和出版社","1970（昭和45）年11月20日発行","1972（昭和47）年6月20日発行"
000153,"石川 啄木",045466,"葉書",新字旧仮名,"","Nana ohbe","川山隆",公開,2008-07-30,"石川啄木全集　第三巻　小説","筑摩書房","1993（平成5）年5月20日初版第7刷","1993（平成5）年5月20日初版第7刷"
000153,"石川 啄木",000812,"初めて見たる小樽",新字新仮名,"","j.utiyama","八巻美恵",公開,1998-11-11,"日本文学全集　12　国木田独歩　石川啄木集","集英社","1972（昭和47）年9月10日第9版","1972（昭和47）年10月7日"
000153,"石川 啄木",004101,"病院の窓",旧字旧仮名,"","Nana ohbe","松永正敏",公開,2003-04-12,"石川啄木作品集　第二巻","昭和出版社","1970（昭和45）年11月20日発行","1972（昭和47）年6月20日発行"
000153,"石川 啄木",045468,"病院の窓",新字旧仮名,"","Nana ohbe","川山隆",公開,2008-11-11,"石川啄木全集　第三巻　小説","筑摩書房","1993（平成5）年5月20日初版第7刷","1993（平成5）年5月20日初版第7刷"
000153,"石川 啄木",048144,"病室より",旧字旧仮名,"","蒋龍","阿部哲也",公開,2012-05-05,"啄木全集　第十卷","岩波書店","1961（昭和36）年8月10日新装第1刷","1961（昭和36）年8月10日新装第1刷"
000153,"石川 啄木",004099,"漂泊",旧字旧仮名,"","Nana ohbe","松永正敏",公開,2003-04-07,"石川啄木作品集　第二巻","昭和出版社","1970（昭和45）年11月20日発行","1972（昭和47）年6月20日発行"
000153,"石川 啄木",045467,"漂泊",新字旧仮名,"","Nana ohbe","林幸雄",公開,2008-08-20,"石川啄木全集　第三巻　小説","筑摩書房","1993（平成5）年5月20日初版第7刷","1986（昭和61）年12月15日初版第6刷"
000153,"石川 啄木",045469,"天鵞絨",新字旧仮名,"","Nana ohbe","川山隆",公開,2008-11-11,"石川啄木全集　第三巻　小説","筑摩書房","1993（平成5）年5月20日初版第7刷","1993（平成5年）年5月20日初版第7刷"
000153,"石川 啄木",004103,"天鵞絨",旧字旧仮名,"","Nana ohbe","松永正敏",公開,2003-04-04,"石川啄木作品集　第二巻","昭和出版社","1970（昭和45）年11月20日発行","1972（昭和47）年6月20日発行"
000153,"石川 啄木",048147,"不穏",旧字旧仮名,"","蒋龍","阿部哲也",公開,2012-05-10,"啄木全集　第十卷","岩波書店","1961（昭和36）年8月10日新装第1刷","1961（昭和36）年8月10日新装第1刷"
000153,"石川 啄木",045470,"二筋の血",新字旧仮名,"","Nana ohbe","川山隆",公開,2008-07-30,"石川啄木全集　第三巻　小説","筑摩書房","1993（平成5）年5月20日初版第7刷","1993（平成5）年5月20日初版第7刷"
000153,"石川 啄木",004102,"二筋の血",旧字旧仮名,"","Nana ohbe","松永正敏",公開,2003-04-07,"石川啄木作品集　第二巻","昭和出版社","1970(昭和45)年11月20日発行","1972（昭和47）年6月20日発行"
000153,"石川 啄木",048148,"文芸中毒",旧字旧仮名,"","蒋龍","阿部哲也",公開,2012-05-10,"啄木全集　第十卷","岩波書店","1961（昭和36）年8月10日新装第1刷","1961（昭和36）年8月10日新装第1刷"
000153,"石川 啄木",048367,"道",新字旧仮名,"","林幸雄","川山隆",公開,2008-11-11,"石川啄木全集　第三巻　小説","筑摩書房","1986（昭和61）年12月15日初版第6刷","1993（平成5年）年5月20日初版第7刷"
000153,"石川 啄木",048163,"無題",旧字旧仮名,"","蒋龍","小林繁雄",公開,2009-11-02,"啄木全集　第十卷","岩波書店","1961（昭和36）年8月10日新装第1刷  ","1961（昭和36）年8月10日新装第1刷"
000153,"石川 啄木",048149,"無題 月刊文芸雑誌　樹木と果実　初号三月一日発行",旧字旧仮名,"","蒋龍","阿部哲也",公開,2012-05-10,"啄木全集　第十卷","岩波書店","1961（昭和36）年8月10日新装第1刷","1961（昭和36）年8月10日新装第1刷"
000153,"石川 啄木",048150,"無名会の一夕",旧字旧仮名,"","蒋龍","阿部哲也",公開,2012-05-10,"啄木全集　第十卷","岩波書店","1961（昭和36）年8月10日新装第1刷","1961（昭和36）年8月10日新装第1刷"
000153,"石川 啄木",049679,"弓町より",新字旧仮名,"","林幸雄","noriko saito",公開,2011-02-06,"石川啄木全集　第四巻　評論・感想","筑摩書房","1982（昭和57）年11月30日初版第3刷","1988（昭和63）年2月1日初版第5刷"
000153,"石川 啄木",000818,"弓町より",新字新仮名,"","j.utiyama","八巻美恵",公開,1998-11-11,"日本文学全集　12　国木田独歩　石川啄木集","集英社","1972（昭和47）年9月10日第9版","1972（昭和47）年10月7日"
000153,"石川 啄木",048151,"吉井君の歌",旧字旧仮名,"","蒋龍","阿部哲也",公開,2012-05-10,"啄木全集　第十卷","岩波書店","1961（昭和36）年8月10日新装第1刷","1961（昭和36）年8月10日新装第1刷"
000153,"石川 啄木",048152,"予の地方雑誌に対する意見",旧字旧仮名,"","蒋龍","阿部哲也",公開,2012-07-13,"啄木全集　第十卷","岩波書店","1961（昭和36）年8月10日新装第1刷","1961（昭和36）年8月10日新装第1刷"
000153,"石川 啄木",047892,"呼子と口笛",新字旧仮名,"","蒋龍","川山隆",公開,2008-06-26,"日本の文学　15　石川啄木・正岡子規・高浜虚子","中央公論社","1973（昭和48）年7月30日10版","1967（昭和42）年6月5日初版"
000153,"石川 啄木",048145,"我が最近の興味",旧字旧仮名,"","蒋龍","小林繁雄",公開,2009-09-08,"啄木全集　第十卷","岩波書店","1961（昭和36）年8月10日新装第1刷  ","1961（昭和36）年8月10日新装第1刷"
000153,"石川 啄木",004699,"我等の一団と彼",旧字旧仮名,"","Nana ohbe","林幸雄",公開,2005-12-04,"石川啄木作品集　第三巻","昭和出版社","1970（昭和45）年11月20日","1970（昭和45）年11月20日"
001478,"石川 千代松",053780,"日本その日その日 01 序――モース先生",新字新仮名,"","富田晶子","雪森",公開,2016-12-20,"日本その日その日1〔全3巻〕","東洋文庫、平凡社","1972(昭和47）年4月15日初版第4刷","1972(昭和47）年4月15日初版第4刷"
001206,"石河 幹明",058141,"福翁自伝 01 〔慶應義塾の社中にては〕",新字新仮名,"","田中哲郎","りゅうぞう",公開,2017-06-15,"福澤諭吉著作集　第12巻　福翁自伝　福澤全集緒言","慶應義塾大学出版会","2003（平成15）年11月17日初版第1刷発行",""
001206,"石河 幹明",045521,"瘠我慢の説 01 序",新字新仮名,"","kazuishi","田中哲郎",公開,2006-12-14,"明治十年丁丑公論・瘠我慢の説","講談社学術文庫、講談社","1998（平成10）年2月20日第10刷","1993（平成5）年6月17日第6刷"
001206,"石河 幹明",046828,"瘠我慢の説 04 瘠我慢の説に対する評論について",新字新仮名,"","kazuishi","田中哲郎",公開,2006-12-14,"明治十年丁丑公論・瘠我慢の説","講談社学術文庫、講談社","1998（平成10）年2月20日第10刷","1993（平成5）年6月17日第6刷"
000229,"石田 孫太郎",001153,"猫と色の嗜好",新字新仮名,"","菅野朋子","今井忠夫",公開,2000-11-15,"日本の名随筆3　猫","作品社","","1985（昭和60）年10月30日第4刷"
001813,"石塚 浩之",056878,"桃太郎",新字新仮名,"","大久保ゆう","石塚浩之",公開,2016-01-02,"三田文学　第七十七巻　第五十三号　春季号","三田文学会","1998（平成10）年5月1日","1998（平成10）年5月1日"
001813,"石塚 浩之",056877,"ＵＶ",新字新仮名,"","大久保ゆう","石塚浩之",公開,2016-05-16,"三田文学　第七十五巻　第四十四号　冬季号","三田文学会","1996（平成8）年2月1日","1996（平成8）年2月1日"
001734,"石波 杏",059966,"亀がアキレスに言ったこと",新字新仮名,"石波 杏","石波杏","",公開,2019-07-08,"","","",""
001734,"石波 杏",055606,"心を養う",新字新仮名,"石波 杏","石波杏","",公開,2012-09-29,"","","",""
001734,"石波 杏",057347,"老人と海",新字新仮名,"石波 杏","石波杏","",公開,2015-10-03,"","","",""
000102,"石橋 忍月",000945,"罪過論",新字旧仮名,"","j.utiyama","八巻美恵",公開,1998-03-24,"現代日本文學大系　96　文藝評論集","筑摩書房","1973（昭和48）年7月10日初版第1刷","1989（平成元）年10月1日初版第13刷"
000102,"石橋 忍月",000538,"舞姫",新字旧仮名,"","j.utiyama","八巻美恵",公開,1998-03-24,"現代日本文學大系　96　文藝評論集","筑摩書房","1973（昭和48）年7月10日初版第1刷","1989（平成元）年10月1日初版第13刷"
001742,"石原 忍",055751,"色盲検査表の話",新字新仮名,"","sogo","仙酔ゑびす",公開,2014-01-01,"現代日本記録全集9　科学と技術","筑摩書房","1970（昭和45）年2月28日初版第1刷","1970（昭和45）年2月28日初版第1刷"
001429,"石原 純",058005,"アインシュタイン教授をわが国に迎えて",新字新仮名,"","高瀬竜一","フクポー",公開,2019-03-14,"随想全集　第九巻","尚学図書","1969（昭和44）年11月5日","1969（昭和44）年11月5日"
001429,"石原 純",058156,"雨粒",新字新仮名,"","岡村和彦","高瀬竜一",公開,2018-01-19,"日本近代随筆選　1出会いの時〔全3冊〕","岩波文庫、岩波書店","2016（平成28）年6月15日第2刷","2016（平成28）年4月15日第1刷"
001429,"石原 純",058549,"伊能忠敬",新字新仮名,"","高瀬竜一","sogo",公開,2019-01-11,"偉い科學者","實業之日本社","1942（昭和17）年10月10日","1942（昭和17）年10月10日"
001429,"石原 純",058008,"ガリレオ・ガリレイ",新字新仮名,"","高瀬竜一","sogo",公開,2019-02-15,"偉い科學者","實業之日本社","1942（昭和17）年10月10日","1942（昭和17）年10月10日"
001429,"石原 純",058045,"キュリー夫人",新字新仮名,"","高瀬竜一","sogo",公開,2018-11-07,"偉い科學者","實業之日本社","1942（昭和17）年10月10日","1942（昭和17）年10月10日"
001429,"石原 純",058046,"グレゴール・メンデル",新字新仮名,"","高瀬竜一","sogo",公開,2018-07-20,"偉い科學者","實業之日本社","1942（昭和17）年10月10日","1942（昭和17）年10月10日"
001429,"石原 純",058004,"左千夫先生への追憶",新字新仮名,"","高瀬竜一","フクポー",公開,2018-07-30,"随想全集　第九巻","尚学図書","1969（昭和44）年11月5日","1969（昭和44）年11月5日"
001429,"石原 純",058160,"ジェームズ・ワット",新字新仮名,"","高瀬竜一","sogo",公開,2018-08-25,"偉い科學者","實業之日本社","1942（昭和17）年10月10日","1942（昭和17）年10月10日"
001429,"石原 純",053864,"社会事情と科学的精神",新字新仮名,"","川山隆","高瀬竜一",公開,2016-07-27,"現代日本思想大系　25　科学の思想Ⅰ","筑摩書房","1964（昭和39）年9月25日","1975（昭和50）年5月30日初版第10刷"
001429,"石原 純",050328,"相対性理論",新字新仮名,"石原 純","京都大学電子テクスト研究会入力班","高瀬竜一",公開,2018-04-18,"世界大思想全集　48","春秋社","1930（昭和5）年12月5日","1930（昭和5）年12月5日"
001429,"石原 純",058020,"チャールズ・ダーウィン",新字新仮名,"","高瀬竜一","sogo",公開,2019-02-12,"偉い科學者","實業之日本社","1942（昭和17）年10月10日","1942（昭和17）年10月10日"
001429,"石原 純",058161,"トーマス・エディソン",新字新仮名,"","高瀬竜一","sogo",公開,2019-02-11,"偉い科學者","實業之日本社","1942（昭和17）年10月10日","1942（昭和17）年10月10日"
001429,"石原 純",055750,"日本文化と科学的思想",新字新仮名,"","sogo","高瀬竜一",公開,2016-07-27,"現代日本記録全集9　科学と技術","筑摩書房","1970（昭和45）年2月28日初版第1刷","1970（昭和45）年2月28日初版第1刷"
001429,"石原 純",058021,"ニュートン",新字新仮名,"","高瀬竜一","sogo",公開,2018-12-25,"偉い科學者","實業之日本社","1942（昭和17）年10月10日","1942（昭和17）年10月10日"
001429,"石原 純",058047,"ヘルムホルツ",新字新仮名,"","高瀬竜一","sogo",公開,2018-08-31,"偉い科學者","實業之日本社","1942（昭和17）年10月10日","1942（昭和17）年10月10日"
001429,"石原 純",058048,"マイケル・ファラデイ",新字新仮名,"","高瀬竜一","sogo",公開,2018-09-22,"偉い科學者","實業之日本社","1942（昭和17）年10月10日","1942（昭和17）年10月10日"
001429,"石原 純",058049,"メンデレーエフ",新字新仮名,"","高瀬竜一","sogo",公開,2019-02-08,"偉い科學者","實業之日本社","1942（昭和17）年10月10日","1942（昭和17）年10月10日"
001429,"石原 純",058022,"ラヴォアジエ",新字新仮名,"","高瀬竜一","sogo",公開,2018-08-26,"偉い科學者","實業之日本社","1942（昭和17）年10月10日","1942（昭和17）年10月10日"
001429,"石原 純",058162,"ルイ・パストゥール",新字新仮名,"","高瀬竜一","sogo",公開,2018-09-28,"偉い科學者","實業之日本社","1942（昭和17）年10月10日","1942（昭和17）年10月10日"
001429,"石原 純",058163,"ロード・ラザフォード",新字新仮名,"","高瀬竜一","sogo",公開,2018-08-30,"偉い科學者","實業之日本社","1942（昭和17）年10月10日","1942（昭和17）年10月10日"
001429,"石原 純",058023,"ロバート・ボイル",新字新仮名,"","高瀬竜一","sogo",公開,2019-01-25,"偉い科學者","實業之日本社","1942（昭和17）年10月10日","1942（昭和17）年10月10日"
000230,"石原 莞爾",001154,"最終戦争論",新字新仮名,"","林孝司","KOKODA",公開,2001-08-29,"最終戦争論・戦争史大観","中公文庫、中央公論社","1995（平成7）年6月10日5版",""
000230,"石原 莞爾",001156,"新日本の進路 石原莞爾将軍の遺書",旧字新仮名,"","薦田佳子","土屋隆",公開,2006-09-14,"石原莞爾全集　第二巻","石原莞爾全集刊行会","1976（昭和51）年5月30日　","1976（昭和51）年5月30日　"
000230,"石原 莞爾",055635,"戦争史大観",新字新仮名,"","林孝司","KOKODA",公開,2001-08-29,"最終戦争論・戦争史大観","中公文庫、中央公論社","1995（平成7）年6月10日5版",""
000050,"泉 鏡花",001040,"愛と婚姻",新字旧仮名,"","小林徹","鈴木厚司",公開,2000-09-20,"現代日本文學大系　5　樋口一葉・明治女流文學・泉鏡花集","筑摩書房","1987（昭和62）年2月10日初版第13刷",""
000050,"泉 鏡花",004563,"悪獣篇",新字新仮名,"","門田裕志","土屋隆",公開,2006-12-19,"泉鏡花集成4","ちくま文庫、筑摩書房","1995（平成7）年10月24日第1刷","2004（平成16）年3月20日第2刷"
000050,"泉 鏡花",033223,"芥川竜之介氏を弔ふ",旧字旧仮名,"","高柳典子","門田裕志",公開,2003-09-12,"鏡花全集　第二十八巻","岩波書店","1976（昭和51）年2月2日第2刷","1988（昭和63）年12月2日第3刷"
000050,"泉 鏡花",050768,"麻を刈る",旧字旧仮名,"","門田裕志","岡村和彦",公開,2018-02-02,"鏡花全集　巻二十七","岩波書店","1988（昭和63）年11月2日第3刷","1976（昭和51）年1月6日第2刷"
000050,"泉 鏡花",003582,"紫陽花",新字旧仮名,"","門田裕志","林幸雄",公開,2002-05-20,"花の名随筆6　六月の花","作品社","1999（平成11）年5月10日初版第1刷",""
000050,"泉 鏡花",050791,"熱海の春",旧字旧仮名,"","門田裕志","岡村和彦",公開,2018-04-13,"鏡花全集　巻二十七","岩波書店","1988（昭和63）年11月2日第3刷","1976（昭和51）年1月6日第2刷"
000050,"泉 鏡花",048384,"雨ばけ",新字旧仮名,"","門田裕志","川山隆",公開,2009-05-23,"日本幻想文学集成1　泉鏡花","国書刊行会","1995（平成7）年10月9日初版第5刷","1991（平成3）年3月25日初版第1刷"
000050,"泉 鏡花",050792,"雨ふり",旧字旧仮名,"","門田裕志","岡村和彦",公開,2018-04-13,"鏡花全集　巻二十七","岩波書店","1988（昭和63）年11月2日第3刷発行","1976（昭和51）年1月6日第2刷発行"
000050,"泉 鏡花",048385,"霰ふる",新字新仮名,"","門田裕志","坂本真一",公開,2015-11-07,"文豪怪談傑作選　泉鏡花集　黒壁","ちくま文庫、筑摩書房","2006（平成18）年10月10日第1刷","2006（平成18）年10月10日第1刷"
000050,"泉 鏡花",050793,"飯坂ゆき",旧字旧仮名,"","門田裕志","岡村和彦",公開,2018-08-05,"鏡花全集　巻二十七","岩波書店","1988（昭和63）年11月2日第3刷","1976（昭和51）年1月6日第2刷"
000050,"泉 鏡花",050102,"活人形",新字新仮名,"","門田裕志","清角克由",公開,2014-02-23,"泉鏡花集成1","ちくま文庫、筑摩書房","1996（平成8）年8月22日第1刷","1996（平成8）年8月22日第1刷"
000050,"泉 鏡花",033204,"遺稿",旧字旧仮名,"","門田裕志","多羅尾伴内",公開,2003-09-13,"鏡花全集　第二十四巻","岩波書店","1988（昭和63）年8月2日第3刷","1988（昭和63）年8月2日第3刷"
000050,"泉 鏡花",048386,"遺稿 02 遺稿",新字新仮名,"","門田裕志","坂本真一",公開,2017-03-23,"文豪怪談傑作選　泉鏡花集　黒壁","ちくま文庫、筑摩書房","2006（平成18）年10月10日第1刷","2006（平成18）年10月10日第1刷"
000050,"泉 鏡花",050769,"十六夜",旧字旧仮名,"","門田裕志","川山隆",公開,2011-09-05,"鏡花全集　巻二十七","岩波書店","1988（昭和63）年11月2日第3刷","1976（昭和51）年1月6日第2刷 "
000050,"泉 鏡花",050776,"人参",旧字旧仮名,"","門田裕志","川山隆",公開,2011-09-26,"鏡花全集　巻二十七","岩波書店","1988（昭和63）年11月2日第3刷","1976（昭和51）年1月6日第2刷 "
000050,"泉 鏡花",004742,"沼夫人",新字新仮名,"","門田裕志","仙酔ゑびす",公開,2011-04-29,"泉鏡花集成5","ちくま文庫、筑摩書房","1996（平成8）年2月22日第1刷","1996（平成8）年2月22日第1刷"
000050,"泉 鏡花",003543,"売色鴨南蛮",新字新仮名,"","門田裕志","今井忠夫",公開,2003-09-10,"泉鏡花集成7","ちくま文庫、筑摩書房","1995（平成7）年12月4日第1刷",""
000050,"泉 鏡花",048410,"蠅を憎む記",新字旧仮名,"","門田裕志","川山隆",公開,2009-06-04,"日本幻想文学集成1　泉鏡花","国書刊行会","1995（平成7）年10月9日初版第5刷","1991（平成3）年3月25日初版第1刷"
000050,"泉 鏡花",048411,"伯爵の釵",新字旧仮名,"","門田裕志","川山隆",公開,2009-05-31,"日本幻想文学集成1　泉鏡花","国書刊行会","1995（平成7）年10月9日初版第5刷","1991（平成3）年3月25日初版第1刷"
000050,"泉 鏡花",003542,"伯爵の釵",新字新仮名,"","門田裕志","今井忠夫",公開,2003-09-11,"泉鏡花集成7","ちくま文庫、筑摩書房","1995（平成7）年12月4日第1刷",""
000050,"泉 鏡花",004264,"化銀杏",新字新仮名,"","門田裕志","土屋隆",公開,2006-08-08,"泉鏡花集成2","ちくま文庫、筑摩書房","1996（平成8）年4月24日第1刷",""
000886,"泉 鏡太郎",050785,"みつ柏",旧字旧仮名,"","門田裕志","川山隆",公開,2011-10-13,"鏡花全集　巻二十七","岩波書店","1988（昭和63）年11月2日第3刷","1976（昭和51）年1月6日第2刷 "
000886,"泉 鏡太郎",050790,"木菟俗見",旧字旧仮名,"","門田裕志","岡村和彦",公開,2017-11-04,"鏡花全集　巻二十七","岩波書店","1988（昭和63）年11月2日第3刷","1976（昭和51）年1月6日第2刷"
000886,"泉 鏡太郎",004597,"麦搗",旧字旧仮名,"","門田裕志","川山隆",公開,2011-10-13,"鏡花全集　巻二十七","岩波書店","1988（昭和63）年11月2日第3刷","1976（昭和51）年1月6日第2刷 "
000886,"泉 鏡太郎",050786,"湯どうふ",旧字旧仮名,"","門田裕志","川山隆",公開,2011-10-17,"鏡花全集　巻二十七","岩波書店","1988（昭和63）年11月2日第3刷","1976（昭和51）年1月6日第2刷 "
000886,"泉 鏡太郎",050787,"露宿",旧字旧仮名,"","門田裕志","川山隆",公開,2011-10-17,"鏡花全集　巻二十七","岩波書店","1988（昭和63）年11月2日第3刷","1976（昭和51）年1月6日第2刷 "
001665,"泉 芳朗",054415,"アコウの木",新字旧仮名,"","坂本真一","フクポー",公開,2018-03-18,"沖縄文学全集　第1巻　詩Ⅰ","国書刊行会","1991（平成3）年6月6日第1刷","1991（平成3）年6月6日第1刷"
001665,"泉 芳朗",054416,"生地売り",新字旧仮名,"","坂本真一","フクポー",公開,2018-05-10,"沖縄文学全集　第1巻　詩Ⅰ","国書刊行会","1991（平成3）年6月6日第1刷","1991（平成3）年6月6日第1刷"
001665,"泉 芳朗",054417,"十二月の島だより",新字旧仮名,"","坂本真一","フクポー",公開,2018-04-09,"沖縄文学全集　第1巻　詩Ⅰ","国書刊行会","1991（平成3）年6月6日第1刷","1991（平成3）年6月6日第1刷"
000864,"板倉 勝宣",002651,"五色温泉スキー日記",新字新仮名,"","林幸雄","ちはる",公開,2001-12-25,"山と雪の日記","中公文庫、中央公論社","1992（平成4）年12月15日6版",""
000864,"板倉 勝宣",002650,"春の上河内へ",新字新仮名,"","林幸雄","田口彩子",公開,2001-12-08,"山と雪の日記","中公文庫、中央公論社","1992（平成4）年12月15日6版",""
000864,"板倉 勝宣",002652,"春の槍から帰って",新字新仮名,"","林幸雄","土屋隆",公開,2001-11-15,"山と雪の日記","中公文庫、中央公論社","1992（平成4）年12月15日6版",""
000864,"板倉 勝宣",002640,"山と雪の日記",新字新仮名,"","林幸雄","田口彩子",公開,2001-12-08,"山と雪の日記","中公文庫、中央公論社","1992（平成4）年12月15日6版",""
000231,"伊丹 万作",001191,"映画界手近の問題",新字新仮名,"","土屋隆","染川隆俊",公開,2008-05-27,"現代日本思想大系　14　芸術の思想","筑摩書房","1964（昭和39）年8月15日","1964（昭和39）年8月15日"
000231,"伊丹 万作",043636,"映画と音楽",新字新仮名,"","鈴木厚司","土屋隆",公開,2007-08-25,"新装版　伊丹万作全集2","筑摩書房","1982（昭和57）年6月25日3版","1982（昭和57）年6月25日3版"
000231,"伊丹 万作",043868,"映画と民族性",新字新仮名,"","鈴木厚司","土屋隆",公開,2007-08-25,"新装版　伊丹万作全集１","筑摩書房","1982（昭和57）年5月25日3版","1982（昭和57）年5月25日3版"
000231,"伊丹 万作",001192,"映画と癩の問題",新字新仮名,"","土屋隆","染川隆俊",公開,2008-02-26,"現代日本思想大系　14　芸術の思想","筑摩書房","1964（昭和39）年8月15日","　"
000231,"伊丹 万作",043869,"映画の普及力とは",新字新仮名,"","鈴木厚司","土屋隆",公開,2007-08-25,"新装版　伊丹万作全集１","筑摩書房","1982（昭和57）年5月25日3版","1982（昭和57）年5月25日3版"
000231,"伊丹 万作",001190,"演技指導論草案",新字新仮名,"","土屋隆","染川隆俊",公開,2008-05-27,"現代日本思想大系　14　芸術の思想","筑摩書房","1964（昭和39）年8月15日","1964（昭和39）年8月15日　"
000231,"伊丹 万作",043642,"ルネ・クレール私見",新字新仮名,"","鈴木厚司","土屋隆",公開,2007-08-29,"新装版　伊丹万作全集2","筑摩書房","1982（昭和57）年6月25日3版","1982（昭和57）年6月25日3版"
000231,"伊丹 万作",043638,"わが妻の記",新字新仮名,"","鈴木厚司","土屋隆",公開,2007-08-29,"新装版　伊丹万作全集2","筑摩書房","1982（昭和57）年6月25日3版","1982（昭和57）年6月25日3版"
000231,"伊丹 万作",043639,"私の活動写真傍観史",新字新仮名,"","鈴木厚司","染川隆俊",公開,2010-12-20,"新装版　伊丹万作全集2","筑摩書房","1982（昭和57）年6月25日3版","1961（昭和36）年8月20日初版"
000412,"市島 春城",003607,"読書八境",新字旧仮名,"","渡邉つよし","門田裕志",公開,2001-09-12,"日本の名随筆36　読","作品社","1991（平成3）年9月1日第10刷",""
001454,"伊藤 永之介",050633,"押しかけ女房",新字新仮名,"","大野晋","仙酔ゑびす",公開,2010-01-01,"賣春婦","村山書店","1956（昭和31）年11月10日","1956（昭和31）年11月10日"
000058,"伊藤 左千夫",057335,"浅草詣",新字新仮名,"","高瀬竜一","noriko saito",公開,2019-04-03,"土地の記憶　浅草","岩波現代文庫、岩波書店","2000（平成12）年1月14日第1刷","2000（平成12）年1月14日第1刷"
000058,"伊藤 左千夫",051304,"市川の桃花",旧字旧仮名,"","Ｈ．ＹＡＭ","高瀬竜一",公開,2013-09-12,"左千夫全集　第五卷","岩波書店","1977（昭和52）年4月11日","1977（昭和52）年4月11日"
000058,"伊藤 左千夫",057444,"井戸",新字新仮名,"","高瀬竜一","noriko saito",公開,2017-05-30,"作家の自伝102　伊藤左千夫","日本図書センター","2000（平成12）年11月25日初版第1刷","2000（平成12）年11月25日初版第1刷"
000058,"伊藤 左千夫",056526,"落穂",新字新仮名,"","高瀬竜一","noriko saito",公開,2015-07-30,"野菊の墓","アイドル・ブックス、ポプラ社","1977（昭和52）年3月30日11版","1981（昭和56）年10月30日第23刷"
000058,"伊藤 左千夫",057470,"家庭小言",新字新仮名,"","高瀬竜一","noriko saito",公開,2017-05-30,"作家の自伝102　伊藤左千夫","日本図書センター","2000（平成12）年11月25日初版第1刷","2000（平成12）年11月25日初版第1刷"
000058,"伊藤 左千夫",001198,"河口湖",新字新仮名,"","大野晋","小林繁雄",公開,2006-08-16,"野菊の墓他六篇","新学社文庫、新学社","1982（昭和57）年6月1日重版","1969（昭和44）年6月15日第2刷"
000058,"伊藤 左千夫",059060,"牛舎の日記",新字新仮名,"","高瀬竜一","岡村和彦",公開,2018-08-18,"左千夫全集　第二卷","岩波書店","1976（昭和51）年11月25日","1976（昭和51）年11月25日"
000058,"伊藤 左千夫",001199,"去年",新字新仮名,"","大野晋","小林繁雄",公開,2006-08-16,"野菊の墓他六篇","新学社文庫、新学社","1982（昭和57）年6月1日重版","1969（昭和44）年6月15日第2刷"
000058,"伊藤 左千夫",059061,"草花日記",新字新仮名,"","高瀬竜一","岡村和彦",公開,2018-07-30,"左千夫全集　第二卷","岩波書店","1976（昭和51）年11月25日","1976（昭和51）年11月25日"
000058,"伊藤 左千夫",001200,"紅黄録",新字新仮名,"","大野晋","小林繁雄",公開,2006-08-16,"野菊の墓他六篇","新学社文庫、新学社","1982（昭和57）年6月1日重版","1969（昭和44）年6月15日第2刷"
000058,"伊藤 左千夫",052381,"古代之少女",旧字旧仮名,"","Ｈ．ＹＡＭ","高瀬竜一",公開,2014-03-19,"左千夫全集　第三卷","岩波書店","1977（昭和52）年2月10日","1977（昭和52）年2月10日"
000058,"伊藤 左千夫",057469,"子規と和歌",新字新仮名,"","高瀬竜一","きりんの手紙",公開,2018-10-14,"子規選集　第十二巻　子規の思い出","増進会出版社","2002（平成14）年11月5日初版第1刷","2002（平成14）年11月5日初版第1刷"
000058,"伊藤 左千夫",056532,"新万葉物語",新字新仮名,"","高瀬竜一","きりんの手紙",公開,2019-05-01,"伊藤左千夫集","房総文芸選集、あさひふれんど千葉","1990（平成2）年8月10日初版第1刷","1990（平成2）年8月10日初版第1刷"
000058,"伊藤 左千夫",001036,"水害雑録",新字新仮名,"","大野晋","松永正敏",公開,2000-10-23,"野菊の墓","角川文庫、角川書店","",""
000058,"伊藤 左千夫",004396,"水害雑録",旧字旧仮名,"","米田進","松永正敏",公開,2002-04-01,"左千夫全集　第三巻","岩波書店","",""
000058,"伊藤 左千夫",057415,"大雨の前日",新字新仮名,"","高瀬竜一","noriko saito",公開,2016-08-18,"日本掌編小説秀作選　上　雪・月篇","光文社文庫、光文社","1987（昭和62）年12月20日初版1刷","1987（昭和62）年12月20日初版1刷"
000058,"伊藤 左千夫",057991,"滝見の旅",新字新仮名,"","高瀬竜一","岡村和彦",公開,2018-09-18,"左千夫全集　第二卷","岩波書店","1976（昭和51）年11月25日","1976（昭和51）年11月25日"
000058,"伊藤 左千夫",051305,"竹の里人　一",旧字旧仮名,"","Ｈ．ＹＡＭ","高瀬竜一",公開,2013-09-24,"左千夫全集　第五卷","岩波書店","1977（昭和52）年4月11日","1977（昭和52）年4月11日"
000058,"伊藤 左千夫",046341,"茶の湯の手帳",新字新仮名,"","よしだひとみ","土屋隆",公開,2007-08-26,"日本の名随筆24　茶","作品社","1986（昭和61）年2月10日第3刷","1986（昭和61）年6月30日第4刷"
000058,"伊藤 左千夫",056539,"告げ人",新字新仮名,"","高瀬竜一","岡村和彦",公開,2016-08-18,"野菊の墓","ジュニア版日本文学名作選、偕成社","1984（昭和59）年10月44刷","1981（昭和56）年10月40刷"
000058,"伊藤 左千夫",001196,"隣の嫁",新字新仮名,"","大野晋、網迫","富田倫生、林幸雄",公開,2008-11-08,"野菊の墓","集英社文庫、集英社","1981（昭和56）年6月15日第6刷","1981（昭和56）年6月15日第6刷"
000058,"伊藤 左千夫",000625,"奈々子",新字新仮名,"","大野晋","大西敦子",公開,2000-06-02,"野菊の墓","集英社文庫、集英社","1981（昭和56）年6月15日第4刷",""
000058,"伊藤 左千夫",004397,"奈々子",旧字旧仮名,"","米田進","松永正敏",公開,2002-04-01,"左千夫全集　第三卷","岩波書店","",""
000058,"伊藤 左千夫",059162,"根岸庵訪問の記",新字新仮名,"","高瀬竜一","きりんの手紙",公開,2018-10-14,"左千夫全集　第二卷","岩波書店","1976（昭和51）年11月25日","1976（昭和51）年11月25日"
000058,"伊藤 左千夫",000647,"野菊の墓",新字新仮名,"","kaku","伊藤時也",公開,1999-01-07,"日本文学全集別巻1　現代名作集","河出書房","",""
000058,"伊藤 左千夫",056561,"箸",新字新仮名,"","高瀬竜一","岡村和彦",公開,2016-09-18,"野菊の墓","ジュニア版日本文学名作選、偕成社","1984（昭和59）年10月44刷","1981（昭和56）年10月40刷"
000058,"伊藤 左千夫",000371,"浜菊",新字新仮名,"","大野晋","大西敦子",公開,2000-06-19,"野菊の墓","新潮文庫、新潮社","1993（平成5）年6月5日第97刷",""
000058,"伊藤 左千夫",001197,"春の潮",新字新仮名,"","林幸雄","川山隆",公開,2008-11-08,"野菊の墓","集英社文庫、集英社","2007（平成19）年3月25日第4刷","1991（平成3）年6月25日第1刷"
000058,"伊藤 左千夫",000544,"姪子",新字新仮名,"","大野晋","高橋真也",公開,1999-02-13,"野菊の墓","新潮文庫・新潮社","1993（平成5）年6月5日第97刷",""
000058,"伊藤 左千夫",000606,"守の家",新字新仮名,"","大野晋","高橋真也",公開,1999-02-13,"野菊の墓","新潮文庫、新潮社","1993（平成5）年6月5日第97刷",""
000058,"伊藤 左千夫",057970,"八幡の森",新字新仮名,"","高瀬竜一","岡村和彦",公開,2019-04-03,"左千夫全集　第二卷","岩波書店","1976（昭和51）年11月25日","1976（昭和51）年11月25日"
000058,"伊藤 左千夫",051306,"八幡の森",旧字旧仮名,"","Ｈ．ＹＡＭ","高瀬竜一",公開,2013-10-05,"左千夫全集　第二卷","岩波書店","1976（昭和51）年11月25日","1976（昭和51）年11月25日"
000058,"伊藤 左千夫",056569,"老獣医",新字新仮名,"","高瀬竜一","岡村和彦",公開,2016-09-18,"野菊の墓","ジュニア版日本文学名作選、偕成社","1984（昭和59）年10月44刷","1981（昭和56）年10月40刷"
001197,"伊東 静雄",045279,"詩集夏花",新字旧仮名,"","宮元淳一","小林繁雄",公開,2005-06-20,"詩集　わがひとに与ふる哀歌","日本図書センター","2000（平成12）年2月25日初版第1刷","2000（平成12）年2月25日初版第1刷"
001197,"伊東 静雄",045280,"わがひとに与ふる哀歌",新字旧仮名,"","宮元淳一","小林繁雄",公開,2005-06-20,"詩集　わがひとに与ふる哀歌","日本図書センター","2000（平成12）年2月25日初版第1刷","2000（平成12）年2月25日初版第1刷"
001642,"伊藤 信二",054099,"冬のしぶき ――母親から獄中の息子に――",新字新仮名,"","坂本真一","フクポー",公開,2018-08-14,"日本プロレタリア文学集・39　プロレタリア詩集（二）","新日本出版社","1987（昭和62）年6月30日初版","1989（平成元）年5月15日第3刷"
001232,"伊東 忠太",046333,"誤まれる姓名の逆列",旧字旧仮名,"","鈴木厚司","しだひろし",公開,2007-12-02,"木片集","萬里閣書房","1928（昭和3）年6月10日4版","1928（昭和3）年6月10日4版"
001232,"伊東 忠太",046334,"建築の本義",旧字旧仮名,"","鈴木厚司","しだひろし",公開,2007-12-02,"木片集","萬里閣書房","1928（昭和3）年6月10日4版","1928（昭和3）年6月10日4版"
001232,"伊東 忠太",046335,"国語尊重",旧字旧仮名,"","鈴木厚司","しだひろし",公開,2007-12-02,"木片集","萬里閣書房","1928（昭和3）年6月10日4版","1928（昭和3）年6月10日4版"
001232,"伊東 忠太",046336,"日本建築の発達と地震",旧字旧仮名,"","鈴木厚司","しだひろし",公開,2007-12-06,"木片集","萬里閣書房","1928（昭和3）年6月10日4版","1928（昭和3）年6月10日4版"
001232,"伊東 忠太",046337,"妖怪研究",旧字旧仮名,"","鈴木厚司","しだひろし",公開,2007-12-06,"木片集","萬里閣書房","1928（昭和3）年6月10日4版","1928（昭和3）年6月10日4版"
000416,"伊藤 野枝",056961,"青山菊栄様へ",新字旧仮名,"","酒井裕二","雪森",公開,2016-08-21,"定本　伊藤野枝全集　第二巻　評論・随筆・書簡1――『青鞜』の時代","學藝書林","2000（平成12）年5月31日初版","　"
000416,"伊藤 野枝",056232,"新らしき女の道",新字旧仮名,"","門田裕志","雪森",公開,2014-12-16,"定本　伊藤野枝全集　第二巻　評論・随筆・書簡1――『青鞜』の時代","學藝書林","2000（平成12）年5月31日初版","2000（平成12）年5月31日初版"
000416,"伊藤 野枝",003577,"ある男の堕落",新字新仮名,"","林幸雄","ペガサス",公開,2002-11-13,"伊藤野枝全集　上","學藝書林","1986（昭和61）年11月25日第4刷発行","1970（昭和45）年3月31日第1刷発行"
000416,"伊藤 野枝",047401,"ある女の裁判",新字旧仮名,"","門田裕志","Juki",公開,2013-07-02,"定本　伊藤野枝全集　第一巻　創作","學藝書林","2000（平成12）年3月15日初版","2000（平成12）年3月15日初版"
000416,"伊藤 野枝",047402,"遺書の一部より",新字旧仮名,"","門田裕志","Juki",公開,2013-06-22,"定本　伊藤野枝全集　第一巻　創作","學藝書林","2000（平成12）年3月15日初版","2000（平成12）年3月15日初版"
000416,"伊藤 野枝",056233,"内気な娘とお転婆娘",新字旧仮名,"","門田裕志","雪森",公開,2014-12-19,"定本　伊藤野枝全集　第三巻　評論・随筆・書簡2――『文明批評』以後","學藝書林","2000（平成12）年9月30日初版","2000（平成12）年5月31日初版"
000416,"伊藤 野枝",056967,"女絵師毒絵具を仰ぐ （三面記事評論）",新字旧仮名,"","酒井裕二","きゅうり",公開,2018-09-16,"定本　伊藤野枝全集　第二巻　評論・随筆・書簡1――『青鞜』の時代","學藝書林","2000（平成12）年5月31日初版","2000（平成12）年5月31日初版"
000416,"伊藤 野枝",004920,"科学の不思議",新字旧仮名,"大杉 栄、伊藤 野枝","小林繁雄、門田裕志","トレンドイースト",公開,2010-08-25,"定本　伊藤野枝全集　第四巻　翻訳","學藝書林","2000（平成12）年12月15日初版","2000（平成12）年12月15日初版"
000416,"伊藤 野枝",047410,"監獄挿話　面会人控所",新字旧仮名,"","門田裕志","Juki",公開,2013-10-13,"定本　伊藤野枝全集　第一巻　創作","學藝書林","2000（平成12）年3月15日初版","2000（平成12）年3月15日初版"
000416,"伊藤 野枝",056969,"寄贈雑誌",新字旧仮名,"","酒井裕二","Juki",公開,2018-01-21,"定本　伊藤野枝全集　第二巻　評論・随筆・書簡1――『青鞜』の時代","學藝書林","2000（平成12）年5月31日初版","2000（平成12）年5月31日初版"
000416,"伊藤 野枝",056234,"寄贈書籍紹介",新字旧仮名,"","門田裕志","雪森",公開,2014-12-23,"定本　伊藤野枝全集　第二巻　評論・随筆・書簡1――『青鞜』の時代","學藝書林","2000（平成12）年5月31日初版","2000（平成12）年5月31日初版"
000416,"伊藤 野枝",056235,"嘘言と云ふことに就いての追想",新字旧仮名,"","門田裕志","雪森",公開,2014-12-26,"定本　伊藤野枝全集　第二巻　評論・随筆・書簡1――『青鞜』の時代","學藝書林","2000（平成12）年5月31日初版","2000（平成12）年5月31日初版"
000416,"伊藤 野枝",046559,"結婚と恋愛",新字旧仮名,"伊藤 野枝","門田裕志","Juki",公開,2009-08-21,"定本　伊藤野枝全集　第四巻　翻訳","學藝書林","2000（平成12）年12月15日初版","2000（平成12）年12月15日初版"
000416,"伊藤 野枝",047403,"乞食の名誉",新字旧仮名,"","門田裕志","Juki",公開,2013-07-02,"定本　伊藤野枝全集　第一巻　創作","學藝書林","2000（平成12）年3月15日初版","2000（平成12）年3月15日初版"
000416,"伊藤 野枝",046562,"子供の保護",新字旧仮名,"伊藤 野枝","門田裕志","Juki",公開,2009-07-07,"定本　伊藤野枝全集　第四巻　翻訳","學藝書林","2000（平成12）年12月15日初版","2000（平成12）年12月15日初版"
000416,"伊藤 野枝",056989,"最近の感想",新字旧仮名,"","酒井裕二","きゅうり",公開,2019-04-22,"定本　伊藤野枝全集　第二巻　評論・随筆・書簡1――『青鞜』の時代","學藝書林","2000（平成12）年5月31日初版","2000（平成12）年5月31日初版"
000416,"伊藤 野枝",057157,"サニンの態度",新字旧仮名,"","酒井裕二","きゅうり",公開,2019-01-21,"定本　伊藤野枝全集　第二巻　評論・随筆・書簡１――『青鞜』の時代","學藝書林","2000（平成12）年5月31日初版","2000（平成12）年5月31日初版"
000416,"伊藤 野枝",056993,"私信 ――野上彌生様へ",新字旧仮名,"","酒井裕二","雪森",公開,2016-09-16,"定本　伊藤野枝全集　第二巻　評論・随筆・書簡1――『青鞜』の時代","學藝書林","2000（平成12）年5月31日初版","　"
000416,"伊藤 野枝",003616,"出奔",新字新仮名,"","林幸雄","UMEKI Yoshimi",公開,2002-11-18,"伊藤野枝全集　上","學藝書林","1986（昭和61）年11月25日第4刷発行",""
000416,"伊藤 野枝",046560,"少数と多数",新字旧仮名,"伊藤 野枝","門田裕志","Juki",公開,2009-08-21,"定本　伊藤野枝全集　第四巻　翻訳","學藝書林","2000（平成12）年12月15日初版","2000（平成12）年12月15日初版"
000416,"伊藤 野枝",056997,"消息",新字旧仮名,"","酒井裕二","きゅうり",公開,2019-04-22,"定本　伊藤野枝全集　第二巻　評論・随筆・書簡1――『青鞜』の時代","學藝書林","2000（平成12）年5月31日初版","2000（平成12）年5月31日初版"
000416,"伊藤 野枝",057133,"編輯室より （一九一五年二月号）",新字旧仮名,"","酒井裕二","雪森",公開,2017-01-21,"定本　伊藤野枝全集　第二巻　評論・随筆・書簡1――『青鞜』の時代","學藝書林","2000（平成12）年5月31日初版","2000（平成12）年5月31日初版"
000416,"伊藤 野枝",057134,"編輯室より （一九一五年六月号）",新字旧仮名,"","酒井裕二","雪森",公開,2017-03-30,"定本　伊藤野枝全集　第二巻　評論・随筆・書簡1――『青鞜』の時代","學藝書林","2000（平成12）年5月31日初版","2000（平成12）年5月31日初版"
000416,"伊藤 野枝",057135,"編輯室より （一九一三年七月号）",新字旧仮名,"","酒井裕二","雪森",公開,2016-10-25,"定本　伊藤野枝全集　第二巻　評論・随筆・書簡1――『青鞜』の時代","學藝書林","2000（平成12）年5月31日初版","2000（平成12）年5月31日初版"
000416,"伊藤 野枝",057136,"編輯室より （一九一三年六月号）",新字旧仮名,"","酒井裕二","雪森",公開,2016-10-25,"定本　伊藤野枝全集　第二巻　評論・随筆・書簡1――『青鞜』の時代","學藝書林","2000（平成12）年5月31日初版","2000（平成12）年5月31日初版"
000416,"伊藤 野枝",057138,"編輯室より （一九一四年一一月号）",新字旧仮名,"","酒井裕二","雪森",公開,2016-12-18,"定本　伊藤野枝全集　第二巻　評論・随筆・書簡1――『青鞜』の時代","學藝書林","2000（平成12）年5月31日初版","2000（平成12）年5月31日初版"
000416,"伊藤 野枝",057139,"編輯室より （一九一四年一二月号）",新字旧仮名,"","酒井裕二","雪森",公開,2016-12-18,"定本　伊藤野枝全集　第二巻　評論・随筆・書簡1――『青鞜』の時代","學藝書林","2000（平成12）年5月31日初版","2000（平成12）年5月31日初版"
000416,"伊藤 野枝",057140,"編輯室より （一九一六年二月号）",新字旧仮名,"","酒井裕二","雪森",公開,2017-04-20,"定本　伊藤野枝全集　第二巻　評論・随筆・書簡1――『青鞜』の時代","學藝書林","2000（平成12）年5月31日初版","2000（平成12）年5月31日初版"
000416,"伊藤 野枝",057141,"編輯室より （一九一六年一月号）",新字旧仮名,"","酒井裕二","雪森",公開,2017-04-20,"定本　伊藤野枝全集　第二巻　評論・随筆・書簡1――『青鞜』の時代","學藝書林","2000（平成12）年5月31日初版","2000（平成12）年5月31日初版"
000416,"伊藤 野枝",057142,"編輯室より （一九一四年一月号）",新字旧仮名,"","酒井裕二","雪森",公開,2016-11-18,"定本　伊藤野枝全集　第二巻　評論・随筆・書簡1――『青鞜』の時代","學藝書林","2000（平成12）年5月31日初版","2000（平成12）年5月31日初版"
000416,"伊藤 野枝",057137,"編輯室より （一九一四年三月号）",新字旧仮名,"","酒井裕二","雪森",公開,2016-11-18,"定本　伊藤野枝全集　第二巻　評論・随筆・書簡1――『青鞜』の時代","學藝書林","2000（平成12）年5月31日初版","2000（平成12）年5月31日初版"
000416,"伊藤 野枝",057143,"編輯だより （一九一五年九月号）",新字旧仮名,"","酒井裕二","雪森",公開,2017-04-10,"定本　伊藤野枝全集　第二巻　評論・随筆・書簡1――『青鞜』の時代","學藝書林","2000（平成12）年5月31日初版","2000（平成12）年5月31日初版"
000416,"伊藤 野枝",047409,"惑ひ",新字旧仮名,"","門田裕志","Juki",公開,2013-10-17,"定本　伊藤野枝全集　第一巻　創作","學藝書林","2000（平成12）年3月15日初版","2000（平成12）年3月15日初版"
000416,"伊藤 野枝",047408,"惑ひ",新字旧仮名,"","門田裕志","Juki",公開,2013-06-27,"定本　伊藤野枝全集　第一巻　創作","學藝書林","2000（平成12）年3月15日初版","2000（平成12）年3月15日初版"
000416,"伊藤 野枝",046558,"恋愛と道徳",新字旧仮名,"伊藤 野枝","門田裕志","Juki",公開,2008-10-20,"定本　伊藤野枝全集　第四巻　翻訳","學藝書林","2000（平成12）年12月15日初版","2000（平成12）年12月15日初版"
000416,"伊藤 野枝",003617,"わがまま",新字新仮名,"","林幸雄","UMEKI Yoshimi",公開,2002-11-18,"伊藤野枝全集　上","學藝書林","1986（昭和61）年発行",""
000416,"伊藤 野枝",057154,"妾の会つた男の人人",新字旧仮名,"","酒井裕二","Juki",公開,2017-12-14,"定本　伊藤野枝全集　第二巻　評論・随筆・書簡1――『青鞜』の時代","學藝書林","2000（平成12）年5月31日初版","2000（平成12）年5月31日初版"
000416,"伊藤 野枝",057156,"妾の会つた男の人々（野依秀一、中村弧月印象録）",新字旧仮名,"","酒井裕二","Juki",公開,2017-07-19,"定本　伊藤野枝全集　第二巻　評論・随筆・書簡1――『青鞜』の時代","學藝書林","2000（平成12）年5月31日初版","2000（平成12）年5月31日初版"
001961,"稲垣 巌",058832,"父八雲を語る",新字新仮名,"","林田清明","フクポー",公開,2018-09-26,"ある英語教師の思い出　――小泉八雲の次男・稲垣巌の生涯","恒文社","1992（平成4）年11月20日第1版第1刷","1992（平成4）年11月20日第1版第1刷"
001543,"犬養 健",052219,"亜剌比亜人エルアフイ",新字旧仮名,"","門田裕志","仙酔ゑびす",公開,2011-01-01,"現代日本文學大系　62","筑摩書房","1987（昭和62）年9月15日初版第12刷","1987（昭和62）年9月15日初版第12刷"
001543,"犬養 健",057907,"“指揮権発動”を書かざるの記",新字新仮名,"","sogo","フクポー",公開,2018-08-28,"「文藝春秋」にみる昭和史　第二巻","文藝春秋","1988（昭和63）年3月15日第3刷","1988（昭和63）年2月25日第1刷発行"
001543,"犬養 健",052222,"姉弟と新聞配達",新字旧仮名,"","門田裕志","仙酔ゑびす",公開,2011-01-07,"現代日本文學大系　62","筑摩書房","1987（昭和62）年9月15日初版第12刷","1987（昭和62）年9月15日初版第12刷"
001289,"犬田 卯",047139,"一老人",新字新仮名,"","林幸雄","松永正敏",公開,2008-01-05,"犬田卯短編集二","筑波書林","1982((昭和57)年2月15日第1刷","　"
001289,"犬田 卯",047140,"おびとき",新字新仮名,"","林幸雄","松永正敏",公開,2008-01-05,"犬田卯短編集二","筑波書林","1982((昭和57)年2月15日第1刷","　"
001289,"犬田 卯",047141,"錦紗",新字新仮名,"","林幸雄","松永正敏",公開,2008-01-05,"犬田卯短編集二","筑波書林","1982((昭和57)年2月15日第1刷","　"
001289,"犬田 卯",047142,"競馬",新字新仮名,"","林幸雄","松永正敏",公開,2008-01-05,"犬田卯短編集二","筑波書林","1982((昭和57)年2月15日第1刷","　"
001289,"犬田 卯",047143,"荒蕪地",新字新仮名,"","林幸雄","松永正敏",公開,2008-01-09,"犬田卯短編集二","筑波書林","1982((昭和57)年2月15日第1刷","　"
001289,"犬田 卯",047144,"瘤",新字新仮名,"","林幸雄","松永正敏",公開,2008-01-01,"犬田卯短編集　一","筑波書林","1982（昭和57）年2月15日第1刷","　"
001289,"犬田 卯",047145,"米",新字新仮名,"","林幸雄","松永正敏",公開,2008-01-09,"犬田卯短編集　一","筑波書林","1982（昭和57）年2月15日第1刷","　"
001289,"犬田 卯",047146,"沼畔小話集",新字新仮名,"","林幸雄","松永正敏",公開,2008-01-09,"犬田卯短編集二","筑波書林","1982((昭和57)年2月15日第1刷","　"
001289,"犬田 卯",047147,"橋の上",新字新仮名,"","林幸雄","松永正敏",公開,2008-01-09,"犬田卯短編集　一","筑波書林","1982（昭和57）年2月15日第1刷","　"
001021,"井上 円了",050117,"欧米各国　政教日記",新字新仮名,"","門田裕志","木浦",公開,2012-10-21,"井上円了・世界旅行記","柏書房","2003（平成15）年11月15日第1刷","2003（平成15）年11月15日第1刷"
001021,"井上 円了",049355,"おばけの正体",新字新仮名,"","門田裕志","岡村和彦",公開,2016-06-05,"井上円了　妖怪学全集　第5巻","柏書房","2000（平成12）年5月10日第1刷","2000（平成12）年5月10日第1刷"
001021,"井上 円了",049268,"甲州郡内妖怪事件取り調べ報告",新字新仮名,"","門田裕志","Juki",公開,2011-03-29,"井上円了　妖怪学全集　第6巻","柏書房","2001（平成13）年6月5日第1刷","2001（平成13）年6月5日第1刷"
001021,"井上 円了",004852,"失念術講義",旧字旧仮名,"","田辺浩昭","Juki",公開,2012-06-09,"失※［＃「人がしら／二／心」、U+2B779］術講義","哲學館","1895（明治28）9月25日再版",""
001021,"井上 円了",050118,"西航日録",新字新仮名,"","門田裕志","仙酔ゑびす",公開,2010-12-31,"井上円了・世界旅行記","柏書房","2003（平成15）年11月15日第1刷","2003（平成15）年11月15日第1刷"
001021,"井上 円了",049370,"通俗講義　霊魂不滅論",新字新仮名,"","門田裕志","Juki",公開,2017-06-06,"井上円了　妖怪学全集　第4巻","柏書房","2000（平成12）年3月20日第1刷","2000（平成12）年3月20日第1刷"
001021,"井上 円了",050119,"南半球五万哩",新字新仮名,"","門田裕志","仙酔ゑびす",公開,2011-10-25,"井上円了・世界旅行記","柏書房","2003（平成15）年11月15日第1刷","2003（平成15）年11月15日第1刷"
001021,"井上 円了",049373,"迷信解",新字新仮名,"","門田裕志","仙酔ゑびす",公開,2010-08-13,"井上円了　妖怪学全集　第4巻","柏書房","2000（平成12）年3月20日第1刷","2000（平成12）年3月20日第1刷"
001021,"井上 円了",049374,"迷信と宗教",新字新仮名,"","門田裕志","岡村和彦",公開,2016-04-01,"井上円了　妖怪学全集　第5巻","柏書房","2000（平成12）年5月10日第1刷","2000（平成12）年5月10日第1刷"
001021,"井上 円了",049269,"妖怪学",新字新仮名,"","門田裕志","成宮佐知子",公開,2013-04-28,"井上円了　妖怪学全集　第6巻","柏書房","2001（平成13）年6月5日第1刷","2001（平成13）年6月5日第1刷"
001021,"井上 円了",049270,"妖怪学一斑",新字新仮名,"","門田裕志","Juki",公開,2011-02-03,"井上円了　妖怪学全集　第6巻","柏書房","2001（平成13）年6月5日第1刷","2001（平成13）年6月5日第1刷"
001021,"井上 円了",049271,"妖怪研究",新字新仮名,"","門田裕志","Juki",公開,2009-05-07,"井上円了　妖怪学全集　第6巻","柏書房","2001（平成13）年6月5日第1刷","2001（平成13）年6月5日第1刷"
001021,"井上 円了",049375,"妖怪玄談",新字新仮名,"","門田裕志","仙酔ゑびす",公開,2010-09-15,"井上円了　妖怪学全集　第4巻","柏書房","2000（平成12）年3月20日第1刷","2000（平成12）年3月20日第1刷"
001021,"井上 円了",049273,"妖怪談",新字新仮名,"","門田裕志","Juki",公開,2012-07-30,"井上円了　妖怪学全集　第6巻","柏書房","2001（平成13）年6月5日第1刷","2001（平成13）年6月5日第1刷"
001021,"井上 円了",049274,"妖怪報告",新字新仮名,"","門田裕志","Juki",公開,2010-09-25,"井上円了　妖怪学全集　第6巻","柏書房","2001（平成13）年6月5日第1刷","2001（平成13）年6月5日第1刷"
001125,"井上 紅梅",042934,"阿Ｑ正伝",新字新仮名,"井上 紅梅","京都大学電子テクスト研究会入力班","京都大学電子テクスト研究会校正班",公開,2004-09-20,"魯迅全集","改造社","1932（昭和7）年11月18日",""
001125,"井上 紅梅",042935,"明日",新字新仮名,"井上 紅梅","京都大学電子テクスト研究会入力班","京都大学電子テクスト研究会校正班",公開,2004-04-01,"魯迅全集","改造社","1932（昭和7）年11月18日",""
001125,"井上 紅梅",043411,"兎と猫",新字新仮名,"井上 紅梅","京都大学電子テクスト研究会入力班","京都大学電子テクスト研究会校正班",公開,2008-07-18,"魯迅全集","改造社","1932（昭和7）年11月18日","1932（昭和7）年11月18日"
001125,"井上 紅梅",043412,"鴨の喜劇",新字新仮名,"井上 紅梅","京都大学電子テクスト研究会入力班","京都大学電子テクスト研究会校正班",公開,2007-07-04,"魯迅全集","改造社","1932（昭和7）年11月18日","1932（昭和7）年11月18日"
001125,"井上 紅梅",042936,"狂人日記",新字新仮名,"井上 紅梅","京都大学電子テクスト研究会入力班","京都大学電子テクスト研究会校正班",公開,2004-12-12,"魯迅全集","改造社","1932（昭和7）年11月18日",""
001125,"井上 紅梅",042937,"薬",新字新仮名,"井上 紅梅","京都大学電子テクスト研究会入力班","京都大学電子テクスト研究会校正班",公開,2004-05-30,"魯迅全集","改造社","1932（昭和7）年11月18日",""
001125,"井上 紅梅",042938,"孔乙己",新字新仮名,"井上 紅梅","京都大学電子テクスト研究会入力班","京都大学電子テクスト研究会校正班",公開,2005-06-14,"魯迅全集","改造社","1932（昭和7）年11月18日",""
001125,"井上 紅梅",043650,"幸福な家庭",新字新仮名,"井上 紅梅","京都大学電子テクスト研究会入力班","京都大学電子テクスト研究会校正班",公開,2005-01-20,"魯迅全集","改造社","1932（昭和7）年11月18日発行",""
001125,"井上 紅梅",042939,"故郷",新字新仮名,"井上 紅梅","京都大学電子テクスト研究会入力班","京都大学電子テクスト研究会校正班",公開,2004-04-01,"魯迅全集","改造社","1932（昭和7）年11月18日",""
001125,"井上 紅梅",043019,"些細な事件",新字新仮名,"井上 紅梅","京都大学電子テクスト研究会入力班","京都大学電子テクスト研究会校正班",公開,2008-07-18,"魯迅全集","改造社","1932（昭和7）年11月18日","1932（昭和7）年11月18日"
001125,"井上 紅梅",043020,"端午節",新字新仮名,"井上 紅梅","京都大学電子テクスト研究会入力班","京都大学電子テクスト研究会校正班",公開,2004-05-05,"魯迅全集","改造社","1932（昭和7）年11月18日",""
001125,"井上 紅梅",043021,"頭髪の故事",新字新仮名,"井上 紅梅","京都大学電子テクスト研究会入力班","京都大学電子テクスト研究会校正班",公開,2008-07-18,"魯迅全集","改造社","1932（昭和7）年11月18日","1932（昭和7）年11月18日"
001125,"井上 紅梅",042933,"「吶喊」原序",新字新仮名,"井上 紅梅","京都大学電子テクスト研究会入力班","京都大学電子テクスト研究会校正班",公開,2008-07-07,"魯迅全集","改造社","1932（昭和7）年11月18日","1932（昭和7）年11月18日"
001125,"井上 紅梅",043413,"白光",新字新仮名,"井上 紅梅","京都大学電子テクスト研究会入力班","京都大学電子テクスト研究会校正班",公開,2006-05-27,"魯迅全集","改造社","1932（昭和7）年11月18日","1932（昭和7）年11月18日"
001125,"井上 紅梅",043022,"風波",新字新仮名,"井上 紅梅","京都大学電子テクスト研究会入力班","京都大学電子テクスト研究会校正班",公開,2009-08-22,"魯迅全集","改造社","1932（昭和7）年11月18日発行",""
001125,"井上 紅梅",043414,"不周山",新字新仮名,"井上 紅梅","京都大学電子テクスト研究会入力班","京都大学電子テクスト研究会校正班",公開,2007-07-04,"魯迅全集","改造社","1932（昭和7）年11月18日","1932（昭和7）年11月18日"
001125,"井上 紅梅",043415,"村芝居",新字新仮名,"井上 紅梅","京都大学電子テクスト研究会入力班","京都大学電子テクスト研究会校正班",公開,2004-09-21,"魯迅全集","改造社","1932（昭和7）年11月18日",""
001595,"井上 準之助",054908,"金解禁前後の経済事情",旧字旧仮名,"","田辺浩昭","染川隆俊",公開,2014-07-26,"金解禁前後の経済事情","不明","1930（昭和5）年1月11日　","1930（昭和5）年1月11日　"
001595,"井上 準之助",053683,"最近欧米に於ける財政経済事情",新字旧仮名,"","田辺浩昭","小林繁雄",公開,2011-09-15,"教化資料第六輯　最近歐米に於ける財政經濟事情","教化團體聯合会","1924（大正13）年10月14日",""
001685,"井上 貞治郎",054902,"私の履歴書 ――放浪の末、段ボールを思いつく",新字新仮名,"","sogo","仙酔ゑびす",公開,2014-01-01,"私の履歴書　昭和の経営者群像1","日本経済新聞社","1992（平成4）年9月25日1刷","1992（平成4）年9月25日1刷"
000420,"井上 哲次郎",048846,"「西周哲学著作集」序",旧字旧仮名,"","岩澤秀紀","フクポー",公開,2018-12-07,"西周哲學著作集","岩波書店","1933（昭和8）年10月20日第1刷","1933（昭和8）年10月20日第1刷"
000420,"井上 哲次郎",047507,"明治哲学界の回顧 01 序論",新字新仮名,"","岩澤秀紀","小林繁雄",公開,2008-07-19,"現代日本思想大系 　24　哲学思想","筑摩書房","1975（昭和50）年5月30日初版第9刷","1965（昭和40）年9月20日"
000420,"井上 哲次郎",047844,"明治哲学界の回顧 04 結論――自分の立場",新字新仮名,"","岩澤秀紀","小林繁雄",公開,2008-07-19,"現代日本思想大系　24　哲学思想","筑摩書房","1975（昭和50）年5月30日初版第9刷","1965（昭和40）年9月20日版第1刷"
002034,"井上 基志",059405,"人間本性論（人性論） 実験的研究方法を精神上の主題に導入する一つの企て",新字新仮名,"井上 基志","井上基志","",公開,2019-01-13,"","","",""
001315,"井上 良夫",047766,"J・D・カーの密室犯罪の研究",新字新仮名,"","川山隆","伊藤時也",公開,2008-12-02,"「探偵」傑作選　幻の探偵雑誌9","光文社文庫、光文社","2002（平成14）年1月20日初版1刷","2002（平成14）年1月20日初版1刷"
000232,"伊波 普猷",054137,"ユタの歴史的研究",新字新仮名,"","しだひろし","成宮佐知子",公開,2014-05-06,"沖縄女性史","平凡社ライブラリー、平凡社","2000（平成12）年11月10日初版第1刷","2000（平成12）年11月10日初版第1刷"
000232,"伊波 普猷",054136,"私の子供時分",新字新仮名,"","しだひろし","安里努",公開,2014-07-06,"沖縄女性史","平凡社ライブラリー、平凡社","2000（平成12）年11月10日初版第1刷","2000（平成12）年11月10日初版第1刷　"
001336,"伊庭 心猿",051301,"緑雨と一葉",旧字旧仮名,"","Ｈ．ＹＡＭ","Juki",公開,2017-11-23,"眞間第一册","不二菱","1947（昭和22）年6月25日初版","1947（昭和22）年6月25日初版"
001216,"井原 西鶴",015938,"元禄時代小説第一巻「本朝二十不孝」ぬきほ（言文一致訳）",新字新仮名,"宮本 百合子","柴田卓治","土屋隆",公開,2009-05-20,"宮本百合子全集　第二十八巻","新日本出版社","1986（昭和61）年3月20日第6刷","1986（昭和61）年3月20日第6刷"
001028,"イプセン ヘンリック",004797,"人形の家",旧字旧仮名,"島村 抱月","土屋隆","松永正敏",公開,2008-07-01,"人形の家","角川文庫、角川書店","1961（昭和36）年4月30日17版","1957（昭和32）年6月20日10版"
001210,"違星 北斗",045627,"北斗帖",新字新仮名,"","田中敬三","土屋隆",公開,2006-09-15,"北海道文学全集　第11巻","立風書房","1980（昭和55）年11月10日初版第1刷","1980（昭和55）年11月10日初版第1刷"
000234,"今井 邦子",050415,"伊那紀行",旧字旧仮名,"","林幸雄","富田倫生",公開,2012-06-12,"信濃詩情","明日香書房","1946（昭和21）年12月15日","1946（昭和21）年12月15日"
000234,"今井 邦子",050416,"誠心院の一夜",旧字旧仮名,"","林幸雄","富田倫生",公開,2012-06-12,"信濃詩情","明日香書房","1946（昭和21）年12月15日","1946（昭和21）年12月15日"
000234,"今井 邦子",050417,"滝",旧字旧仮名,"","林幸雄","富田倫生",公開,2012-06-12,"信濃詩情","明日香書房","1946（昭和21）年12月15日","1946（昭和21）年12月15日"
001779,"江戸川 乱歩",057502,"探偵小説の「謎」",新字新仮名,"","華猫","まつもこ",公開,2017-07-28,"新版　探偵小説の「謎」","現代教養文庫、社会思想社","1999（平成11）年4月30日新版第1刷","1999（平成11）年4月30日新版第1刷"
001779,"江戸川 乱歩",056686,"探偵少年",新字新仮名,"","sogo","大久保ゆう",公開,2018-08-12,"おれは二十面相だ／妖星人Ｒ","江戸川乱歩推理文庫、講談社","1988（昭和63）年9月8日第1刷","1988（昭和63）年9月8日第1刷"
001779,"江戸川 乱歩",057107,"超人ニコラ",新字新仮名,"","sogo","茅宮君子",公開,2018-03-16,"超人ニコラ／大金塊","江戸川乱歩推理文庫、講談社","1988（昭和63）年10月8日第1刷","1988（昭和63）年10月8日第1刷"
001779,"江戸川 乱歩",058464,"妻に失恋した男",新字新仮名,"","nami","きゅうり",公開,2018-06-01,"江戸川乱歩全集　第21巻　ふしぎな人","光文社文庫、光文社","2005（平成17）年3月20日初版1刷","2005（平成17）年3月20日初版1刷"
001779,"江戸川 乱歩",056650,"Ｄ坂の殺人事件",新字新仮名,"","砂場清隆","湖山ルル",公開,2016-02-21,"江戸川乱歩全集　第1巻　屋根裏の散歩者","光文社文庫、光文社","2004（平成16）年7月20日初版1刷","2004（平成16）年7月20日初版1刷"
001779,"江戸川 乱歩",057108,"鉄人Ｑ",新字新仮名,"","sogo","大久保ゆう",公開,2017-03-16,"塔上の奇術師／鉄人Ｑ","江戸川乱歩推理文庫、講談社","1988（昭和63）年7月8日第1刷","1988（昭和63）年7月8日第1刷"
001779,"江戸川 乱歩",056675,"鉄塔の怪人",新字新仮名,"","sogo","大久保ゆう",公開,2016-11-22,"鉄塔の怪人／海底の魔術師","江戸川乱歩推理文庫、講談社","1988（昭和63）年2月8日第1刷","1988（昭和63）年2月8日第1刷"
001779,"江戸川 乱歩",056687,"天空の魔人",新字新仮名,"","sogo","大久保ゆう",公開,2018-09-15,"おれは二十面相だ／妖星人Ｒ","江戸川乱歩推理文庫、講談社","1988（昭和63）年9月8日第1刷","1988（昭和63）年9月8日第1刷"
001779,"江戸川 乱歩",056689,"電人Ｍ",新字新仮名,"","sogo","茅宮君子",公開,2018-02-17,"仮面の恐怖王／電人Ｍ","江戸川乱歩推理文庫、講談社","1988（昭和63）年8月8日第1刷","1988（昭和63）年8月8日第1刷"
001779,"江戸川 乱歩",057109,"塔上の奇術師",新字新仮名,"","sogo","大久保ゆう",公開,2017-02-15,"塔上の奇術師／鉄人Ｑ","江戸川乱歩推理文庫、講談社","1988（昭和63）年7月8日第1刷","1988（昭和63）年7月8日第1刷"
001779,"江戸川 乱歩",057189,"盗難",新字新仮名,"","門田裕志","江村秀之",公開,2017-12-22,"江戸川乱歩全集　第1巻　屋根裏の散歩者","光文社文庫、光文社","2012（平成24）年8月15日7刷","2007（平成19）年1月30日5刷"
001779,"江戸川 乱歩",057229,"透明怪人",新字新仮名,"","sogo","大久保ゆう",公開,2017-05-14,"虎の牙／透明怪人","江戸川乱歩推理文庫、講談社","1987（昭和62）年12月8日第1刷","1987（昭和62）年12月8日第1刷"
001779,"江戸川 乱歩",057509,"毒草",新字新仮名,"","金城学院大学　電子書籍制作","門田裕志",公開,2018-04-26,"江戸川乱歩全集　第3巻　陰獣","光文社文庫、光文社","2005（平成17）年11月20日初版1刷","2009（平成21）年7月20日2刷"
001779,"江戸川 乱歩",056672,"虎の牙",新字新仮名,"","sogo","大久保ゆう",公開,2017-04-14,"虎の牙／透明怪人","江戸川乱歩推理文庫、講談社","1987（昭和62）年12月8日第1刷","1987（昭和62）年12月8日第1刷"
001779,"江戸川 乱歩",057414,"一人の芭蕉の問題",旧字旧仮名,"","第二回シャッカソンメンバー乱歩班","sogo",公開,2016-10-10,"日本推理作家協会賞受賞作全集　7　幻影城","双葉文庫、双葉社","1995（平成7）年5月15日第1刷","1995（平成7）年5月15日第1刷"
001779,"江戸川 乱歩",057193,"一人二役",新字新仮名,"","門田裕志","A.K.",公開,2016-08-31,"江戸川乱歩全集　第1巻　屋根裏の散歩者","光文社文庫、光文社","2012（平成24）年8月15日7刷","2004（平成16）年7月20日初版1刷"
001779,"江戸川 乱歩",057520,"火縄銃",新字新仮名,"","金城学院大学　電子書籍制作","A.K.",公開,2019-03-16,"江戸川乱歩全集　第8巻　目羅博士の不思議な犯罪","光文社文庫、光文社","2004（平成16）年6月20日初版1刷","2004（平成16）年6月20日初版1刷"
001779,"江戸川 乱歩",057194,"百面相役者",新字新仮名,"","門田裕志","岡村和彦",公開,2016-11-10,"江戸川乱歩全集　第1巻　屋根裏の散歩者","光文社文庫、光文社","2012（平成24）年8月15日7刷","2004（平成16）年7月20日初版1刷"
001779,"江戸川 乱歩",057512,"覆面の舞踏者",新字新仮名,"","金城学院大学　電子書籍制作","まつもこ",公開,2018-08-29,"江戸川乱歩全集　第3巻　陰獣","光文社文庫、光文社","2005（平成17）年11月20日初版1刷","2005（平成17）年11月20日初版1刷"
001779,"江戸川 乱歩",057230,"ふしぎな人",新字新仮名,"","sogo","北川松生",公開,2016-07-16,"江戸川乱歩全集　第21巻　ふしぎな人","光文社文庫、光文社","2005（平成17）年3月20日初版1刷","2005（平成17）年3月20日初版1刷"
001779,"江戸川 乱歩",056682,"魔法人形",新字新仮名,"","sogo","大久保ゆう",公開,2018-06-15,"魔法人形／サーカスの怪人","江戸川乱歩推理文庫、講談社","1988（昭和63）年5月6日第1刷","1988（昭和63）年5月6日第1刷"
001779,"江戸川 乱歩",056679,"魔法博士",新字新仮名,"","sogo","茅宮君子",公開,2017-09-15,"灰色の巨人／魔法博士","江戸川乱歩推理文庫、講談社","1988（昭和63）年3月8日第1刷","1988（昭和63）年3月8日第1刷"
001779,"江戸川 乱歩",057165,"まほうやしき",新字新仮名,"","sogo","みきた",公開,2017-01-15,"文庫の雑誌／ぼくらの推理冒険物語　少年探偵王　本格推理マガジン","光文社文庫、光文社","2002（平成14）年4月20日初版1刷","2002（平成14）年4月20日初版1刷"
001779,"江戸川 乱歩",057195,"夢遊病者の死",新字新仮名,"","門田裕志","江村秀之",公開,2017-10-07,"江戸川乱歩全集　第1巻　屋根裏の散歩者","光文社文庫、光文社","2012（平成24）年8月15日7刷","2007（平成19）年1月30日5刷"
001779,"江戸川 乱歩",057513,"木馬は廻る",新字新仮名,"","金城学院大学　電子書籍制作","まつもこ",公開,2018-08-29,"江戸川乱歩全集　第3巻　陰獣","光文社文庫、光文社","2005（平成17）年11月20日初版1刷","2005（平成17）年11月20日初版1刷"
001779,"江戸川 乱歩",057514,"モノグラム",新字新仮名,"","金城学院大学　電子書籍制作","門田裕志",公開,2017-10-28,"江戸川乱歩全集　第3巻　陰獣","光文社文庫、光文社","2005（平成17）年11月20日初版1刷","2009（平成21）年7月20日2刷"
001779,"江戸川 乱歩",056684,"夜光人間",新字新仮名,"","sogo","大久保ゆう",公開,2018-07-15,"奇面城の秘密／夜光人間","江戸川乱歩推理文庫、講談社","1988（昭和63）年6月8日第1刷","1988（昭和63）年6月8日第1刷"
001779,"江戸川 乱歩",056649,"屋根裏の散歩者",新字新仮名,"","砂場清隆","岡村和彦",公開,2016-07-28,"江戸川乱歩全集　第1巻　屋根裏の散歩者","光文社文庫、光文社","2004（平成16）年7月20日初版1刷","2004（平成16）年7月20日初版1刷"
000082,"岡本 綺堂",000476,"籠釣瓶",新字新仮名,"","tatsuki","かとうかおり",公開,2000-06-12,"江戸情話集","光文社時代小説文庫、光文社","",""
001475,"小川 未明",051107,"三か月",新字新仮名,"","ぷろぼの青空工作員チーム入力班","江村秀之",公開,2014-01-19,"定本小川未明童話全集　3","講談社","1981（昭和56）年1月6日第7刷","1977（昭和52）年1月10日第1刷"
001475,"小川 未明",051688,"みけの　ごうがいやさん",新字新仮名,"","特定非営利活動法人はるかぜ","Juki",公開,2012-10-04,"定本小川未明童話全集　16","講談社","1982（昭和57）年9月10日第5刷","1979（昭和54）年1月31日第2刷"
001475,"小川 未明",051689,"水七景",新字新仮名,"","特定非営利活動法人はるかぜ","酒井裕二",公開,2018-01-14,"定本小川未明童話全集　14","講談社","1983（昭和58）年1月19日第5刷","1977（昭和52）年12月10日第1刷"
001475,"小川 未明",051690,"道の上で見た話",新字新仮名,"","特定非営利活動法人はるかぜ","酒井裕二",公開,2018-01-26,"定本小川未明童話全集　14","講談社","1983（昭和58）年1月19日第5刷","1977（昭和52）年12月10日第1刷"
001475,"小川 未明",051102,"みつばちのきた日",新字新仮名,"","ぷろぼの青空工作員チーム入力班","江村秀之",公開,2014-01-22,"定本小川未明童話全集　3","講談社","1981（昭和56）年1月6日第7刷","1977（昭和52）年1月10日第1刷"
001475,"小川 未明",051018,"港に着いた黒んぼ",新字新仮名,"","ぷろぼの青空工作員チーム入力班","富田倫生",公開,2012-07-26,"定本小川未明童話全集　2","講談社","1982（昭和57）年9月10日第7刷","1982（昭和57）年9月10日第7刷"
001475,"小川 未明",051768,"民衆芸術の精神",新字新仮名,"","Nana ohbe","仙酔ゑびす",公開,2012-01-26,"芸術は生動す","国文社","1982（昭和57）年3月30日初版第1刷","1982（昭和57）年3月30日初版第1刷"
001475,"小川 未明",052114,"村のかじやさん",新字新仮名,"","特定非営利活動法人はるかぜ","酒井裕二",公開,2016-09-28,"定本小川未明童話全集　11","講談社","1983（昭和58）年1月19日第5刷","1977（昭和52）年9月10日第1刷"
001475,"小川 未明",051103,"村の兄弟",新字新仮名,"","ぷろぼの青空工作員チーム入力班","江村秀之",公開,2014-01-22,"定本小川未明童話全集　3","講談社","1981（昭和56）年1月6日第7刷","1977（昭和52）年1月10日第1刷"
001475,"小川 未明",051694,"村へ帰った傷兵",新字新仮名,"","特定非営利活動法人はるかぜ","酒井裕二",公開,2017-07-03,"定本小川未明童話全集　12","講談社","1982（昭和57）年9月10日第5刷","1977（昭和52）年10月10日第1刷"
001475,"小川 未明",055007,"眼鏡",新字新仮名,"","特定非営利活動法人はるかぜ","酒井裕二",公開,2017-01-06,"定本小川未明童話全集　11","講談社","1983（昭和58）年1月19日第5刷","1977（昭和52）年9月10日第1刷"
000074,"梶井 基次郎",003200,"奎吉",旧字旧仮名,"","高柳典子","小林繁雄",公開,2002-12-03,"梶井基次郎全集　第一巻","筑摩書房","1999（平成11）年11月10日初版第1刷",""
000074,"梶井 基次郎",000419,"Ｋの昇天 或はＫの溺死",新字新仮名,"","j.utiyama","野口英司",公開,1998-10-10,"檸檬・ある心の風景　他二十編","旺文社文庫、旺文社","1974（昭和49）年第4刷","1974（昭和49）年第4刷"
000074,"梶井 基次郎",043697,"講演会　其他（大正十五年二月号） 『青空』記事",旧字旧仮名,"","土屋隆","高柳典子",公開,2005-05-23,"梶井基次郎全集　第一卷","筑摩書房","1999（平成11）年11月10日初版第1刷","1999（平成11）年11月10日初版第1刷"
000074,"梶井 基次郎",000423,"交尾",新字新仮名,"","kaku","浜野智",公開,1998-08-28,"日本文学全集別巻1　現代名作集","河出書房","",""
000074,"梶井 基次郎",047552,"桜の樹の下には",新字旧仮名,"","hoge","小林繁雄",公開,2008-03-12,"現代日本文學大系　63　梶井基次郎・外村繁・中島敦集","筑摩書房","1987（昭和62）年9月15日初版第14刷","1987（昭和62）年9月15日初版第14刷"
000074,"梶井 基次郎",000427,"桜の樹の下には",新字新仮名,"","j.utiyama","もりみつじゅんじ",公開,1998-10-10,"檸檬・ある心の風景　他二十編","旺文社文庫、旺文社","1974（昭和49）年第4刷","1974（昭和49）年第4刷"
000074,"梶井 基次郎",003565,"詩集『戦争』",旧字旧仮名,"","高柳典子","土屋隆",公開,2006-12-21,"梶井基次郎全集第一卷","筑摩書房","1999（平成11）年11月10日初版第1刷","1999（平成11）年11月10日初版第1刷"
000074,"梶井 基次郎",056504,"詩二つ",新字新仮名,"","呑天","川山隆",公開,2015-01-12,"梶井基次郎全集　全一巻","ちくま文庫、筑摩書房","1990（平成2）年5月20日第7刷","1986（昭和61）年8月26日第1刷"
000074,"梶井 基次郎",000429,"城のある町にて",新字新仮名,"","j.utiyama","野口英司",公開,1998-09-08,"檸檬・ある心の風景　他二十編","旺文社文庫、旺文社","1974（昭和49）年第4刷","1974（昭和49）年第4刷"
000074,"梶井 基次郎",043692,"「親近」と「拒絶」",旧字旧仮名,"","土屋隆","高柳典子",公開,2005-05-24,"梶井基次郎全集　第一卷","筑摩書房","1999（平成11）年11月10日初版第1刷","1999（平成11）年11月10日初版第1刷"
000074,"梶井 基次郎",043693,"『新潮』十月新人号小説評",旧字旧仮名,"","土屋隆","高柳典子",公開,2005-05-24,"梶井基次郎全集　第一卷","筑摩書房","1999（平成11）年11月10日初版第1刷","1999（平成11）年11月10日初版第1刷"
000074,"梶井 基次郎",000428,"雪後",新字新仮名,"","j.utiyama","野口英司",公開,1998-10-07,"檸檬・ある心の風景　他二十編","旺文社文庫、旺文社","1974（昭和49）年第4刷","1974（昭和49）年第4刷"
000074,"梶井 基次郎",046349,"檸檬",旧字旧仮名,"","高柳典子","小林繁雄",公開,2006-09-10,"創作　檸檬","十字屋書店","1940（昭和15）年12月20日第2刷","1940（昭和15）年12月20日第2刷"
000074,"梶井 基次郎",000424,"檸檬",新字新仮名,"","j.utiyama","野口英司",公開,1998-08-31,"檸檬・ある心の風景　他二十編","旺文社文庫、旺文社","1974（昭和49）年第4刷","1974（昭和49）年第4刷"
000074,"梶井 基次郎",000426,"路上",新字新仮名,"","j.utiyama","野口英司",公開,1998-09-16,"檸檬・ある心の風景　他二十編","旺文社文庫、旺文社","1974（昭和49）年第4刷","1974（昭和49）年第4刷"
000491,"片岡 鉄兵",050112,"エリザベスとエセックス",新字新仮名,"片岡 鉄兵","sogo","孝奈花",公開,2011-03-05,"世界教養全集　27","平凡社","1962（昭和37）年9月29日初版","1962（昭和37）年9月29日初版"
000491,"片岡 鉄兵",002698,"今度こそ",新字新仮名,"","林幸雄","青野弘美",公開,2002-01-29,"日本プロレタリア文学集・20　「戦旗」「ナップ」作家集7","新日本出版社","1989（平成元）年3月25日第4刷",""
000491,"片岡 鉄兵",052349,"菜の花月夜",新字旧仮名,"","岡村和彦","noriko saito",公開,2011-02-21,"花の名随筆3　三月の花","作品社","1999（平成11）年2月10日初版第1刷","1999（平成11）年2月10日初版第1刷"
001506,"片岡 義男",056823,"エルヴィスから始まった",新字新仮名,"","上原陽一","八巻美恵",公開,2014-07-07,"ぼくはプレスリーが大好き","角川文庫、角川書店","1980（昭和55）年1月30日4版",""
001506,"片岡 義男",056911,"彼のオートバイ、彼女の島",新字新仮名,"","高橋雅康","りゅうぞう",公開,2017-07-07,"彼のオートバイ、彼女の島","角川文庫、角川書店","1990（平成2）年2月30日40版","1988（昭和63）年1月30日第35版"
001506,"片岡 義男",052175,"時差のないふたつの島",新字新仮名,"","八巻美恵","三木野エマ",公開,2010-10-05,"時差のないふたつの島","新潮文庫、新潮社","",""
001506,"片岡 義男",054825,"七月の水玉",新字新仮名,"","八巻美恵","高橋雅康",公開,2012-02-09,"七月の水玉","文藝春秋","2002（平成14）年6月30日第1刷",""
001506,"片岡 義男",055718,"少女時代",新字新仮名,"","八巻美恵","高橋雅康",公開,2012-12-01,"少女時代","双葉文庫、双葉社","1993（平成5）年5月15日第1刷","1993（平成5）年5月15日第1刷"
001506,"片岡 義男",056822,"東京青年",新字新仮名,"","八巻美恵","高橋雅康",公開,2015-07-07,"東京青年","角川文庫、角川書店","2002（平成14）年4月25日初版",""
001506,"片岡 義男",056182,"夏と少年の短篇",新字新仮名,"","高橋雅康","関戸詳子",公開,2013-07-07,"夏と少年の短編","東京書籍","1992（平成4）年10月7日第1刷","1992（平成4）年10月7日第1刷"
001506,"片岡 義男",052459,"波乗りの島",新字新仮名,"","八巻美恵","高橋雅康",公開,2011-01-10,"波乗りの島","双葉文庫、双葉社","1998（平成10）年10月30日第1刷","1998（平成10）年10月30日第1刷"
001506,"片岡 義男",051737,"頬よせてホノルル",新字新仮名,"","八巻美恵","野口英司、八巻美恵",公開,2010-06-01,"","","",""
001506,"片岡 義男",056796,"道順は彼女に訊く",新字新仮名,"","八巻美恵","高橋雅康",公開,2014-04-07,"道順は彼女に訊く","角川文庫、角川書店","2001（平成13）年11月25日初版","2001（平成13）年11月25日初版"
001506,"片岡 義男",055152,"物のかたちのバラッド",新字新仮名,"","八巻美恵","高橋雅康",公開,2012-06-03,"物のかたちのバラッド","アメーバブックス","",""
001506,"片岡 義男",051367,"ラハイナまで来た理由",新字新仮名,"","八巻美恵","野口英司",公開,2010-03-20,"コヨーテ No.4","スイッチパブリッシング","2005（平成17）年2月10日","2005（平成17）年2月10日"
000492,"片上 伸",042248,"生みの力",旧字旧仮名,"","高柳典子","岩澤秀紀",公開,2012-08-14,"片上伸全集　第1巻","日本図書センター","1997（平成9）年3月25日復刻","1997（平成9）年3月25日復刻"
000492,"片上 伸",042251,"ドストイェフスキーに就いて",旧字旧仮名,"","高柳典子","岩澤秀紀",公開,2012-08-19,"片上伸全集　第3巻","日本図書センター","1997（平成9）年3月25日復刻","1997（平成9）年3月25日復刻"
000492,"片上 伸",042252,"人間の本性",旧字旧仮名,"","高柳典子","岩澤秀紀",公開,2012-08-24,"片上伸全集　第2巻","日本図書センター","1997（平成9）年3月25日復刻","1997（平成9）年3月25日復刻"
001539,"片山 敏彦",054373,"ベートーヴェンの生涯 01 凡例",新字新仮名,"","門田裕志","仙酔ゑびす",公開,2012-01-15,"ベートーヴェンの生涯","岩波文庫、岩波書店","2010（平成22）年4月21日第77刷改版","2011（平成23）年1月25日第78刷"
001539,"片山 敏彦",054931,"ベートーヴェンの生涯 02 ベートーヴェンの生涯",新字新仮名,"片山 敏彦","門田裕志","仙酔ゑびす",公開,2012-05-01,"ベートーヴェンの生涯","岩波文庫、岩波書店","2010（平成22）年4月21日第77刷改版","2011（平成23）年1月25日第78刷"
001539,"片山 敏彦",054932,"ベートーヴェンの生涯 03 ハイリゲンシュタットの遺書",新字新仮名,"片山 敏彦","門田裕志","仙酔ゑびす",公開,2012-05-06,"ベートーヴェンの生涯","岩波文庫、岩波書店","2010（平成22）年4月21日第77刷改版","2011（平成23）年1月25日第78刷"
001539,"片山 敏彦",054933,"ベートーヴェンの生涯 04 ベートーヴェンの手紙",新字新仮名,"片山 敏彦","門田裕志","仙酔ゑびす",公開,2012-05-11,"ベートーヴェンの生涯","岩波文庫、岩波書店","2010（平成22）年4月21日第77刷改版","2011（平成23）年1月25日第78刷"
001539,"片山 敏彦",054934,"ベートーヴェンの生涯 05 ベートーヴェンの思想断片",新字新仮名,"片山 敏彦","門田裕志","仙酔ゑびす",公開,2012-05-16,"ベートーヴェンの生涯","岩波文庫、岩波書店","2010（平成22）年4月21日第77刷改版","2011（平成23）年1月25日第78刷"
001539,"片山 敏彦",054935,"ベートーヴェンの生涯 06 付録　ベートーヴェンへの感謝",新字新仮名,"片山 敏彦","門田裕志","仙酔ゑびす",公開,2012-05-21,"ベートーヴェンの生涯","岩波文庫、岩波書店","2010（平成22）年4月21日第77刷改版","2011（平成23）年1月25日第78刷"
001539,"片山 敏彦",054936,"ベートーヴェンの生涯 07 ベートーヴェンの『手記』より（訳者抄）",新字新仮名,"片山 敏彦","門田裕志","仙酔ゑびす",公開,2012-05-26,"ベートーヴェンの生涯","岩波文庫、岩波書店","2010（平成22）年4月21日第77刷改版","2011（平成23）年1月25日第78刷"
001539,"片山 敏彦",054937,"ベートーヴェンの生涯 08 文献",新字新仮名,"片山 敏彦","門田裕志","仙酔ゑびす",公開,2012-05-31,"ベートーヴェンの生涯","岩波文庫、岩波書店","2010（平成22）年4月21日第77刷改版","2011（平成23）年1月25日第78刷"
001539,"片山 敏彦",054374,"ベートーヴェンの生涯 09 訳者解説",新字新仮名,"","門田裕志","仙酔ゑびす",公開,2012-01-01,"ベートーヴェンの生涯","岩波文庫、岩波書店","2010（平成22）年4月21日第77刷改版","2011（平成23）年1月25日第78刷"
001346,"片山 広子",050141,"赤とピンクの世界",新字旧仮名,"","竹内美佐子","伊藤時也",公開,2010-11-12,"燈火節","月曜社","2004（平成16）年11月30日第1刷","2004（平成16）年11月30日第1刷"
001346,"片山 広子",049503,"あけび",新字旧仮名,"","竹内美佐子","林幸雄",公開,2009-09-27,"燈火節","月曜社","2004（平成16）年11月30日第1刷","2004（平成16）年11月30日第1刷　"
001346,"片山 広子",049516,"アラン島",新字新仮名,"","竹内美佐子","林幸雄",公開,2009-09-27,"燈火節","月曜社","2004（平成16）年11月30日第1刷","2004（平成16）年11月30日第1刷　"
001346,"片山 広子",049137,"或る国のこよみ",新字旧仮名,"","竹内美佐子","富田倫生",公開,2008-12-20,"燈火節","月曜社","2004（平成16）年11月30日第1刷","2004（平成16）年11月30日第1刷"
001346,"片山 広子",050159,"イエスとペテロ",新字旧仮名,"","竹内美佐子","伊藤時也",公開,2010-11-12,"燈火節","月曜社","2004（平成16）年11月30日第1刷","2004（平成16）年11月30日第1刷"
001346,"片山 広子",049504,"池を掘る",新字旧仮名,"","竹内美佐子","林幸雄",公開,2009-09-27,"燈火節","月曜社","2004（平成16）年11月30日第1刷","2004（平成16）年11月30日第1刷　"
001346,"片山 広子",050160,"Ｌ氏殺人事件",新字旧仮名,"","竹内美佐子","伊藤時也",公開,2010-11-12,"燈火節","月曜社","2004（平成16）年11月30日第1刷","2004（平成16）年11月30日第1刷"
001346,"片山 広子",050142,"「王の玄関」イエーツ戯曲",新字旧仮名,"","竹内美佐子","伊藤時也",公開,2010-11-12,"燈火節","月曜社","2004（平成16）年11月30日第1刷","2004（平成16）年11月30日第1刷"
001346,"片山 広子",049138,"大へび小へび",新字旧仮名,"","竹内美佐子","富田倫生",公開,2008-12-20,"燈火節","月曜社","2004（平成16）年11月30日第1刷","2004（平成16）年11月30日第1刷　"
001346,"片山 広子",050143,"お嬢さん",新字旧仮名,"","竹内美佐子","伊藤時也",公開,2010-11-12,"燈火節","月曜社","2004（平成16）年11月30日第1刷","2004（平成16）年11月30日第1刷"
001346,"片山 広子",050144,"買食ひ",新字旧仮名,"","竹内美佐子","伊藤時也",公開,2010-11-12,"燈火節","月曜社","2004（平成16）年11月30日第1刷","2004（平成16）年11月30日第1刷"
001346,"片山 広子",049505,"過去となつたアイルランド文学",新字旧仮名,"","竹内美佐子","林幸雄",公開,2009-09-27,"燈火節","月曜社","2004（平成16）年11月30日第1刷","2004（平成16）年11月30日第1刷　"
001346,"片山 広子",050146,"軽井沢の夏と秋",新字旧仮名,"","竹内美佐子","伊藤時也",公開,2010-11-17,"燈火節","月曜社","2004（平成16）年11月30日第1刷","2004（平成16）年11月30日第1刷"
001346,"片山 広子",050147,"菊池さんのおもひで",新字旧仮名,"","竹内美佐子","伊藤時也",公開,2010-11-17,"燈火節","月曜社","2004（平成16）年11月30日第1刷","2004（平成16）年11月30日第1刷"
001861,"河井 酔茗",057432,"老境",新字旧仮名,"","大久保ゆう","Juki",公開,2016-06-16,"ふるさと文学館　第三三巻　【大阪Ⅱ】","ぎょうせい","1995（平成7）年8月15日初版","1995（平成7）年8月15日初版"
000250,"河上 肇",002847,"御萩と七種粥",新字新仮名,"","林幸雄","本山智子",公開,2001-05-01,"昭和文学全集　第33巻","小学館","1989（平成元）年10月1日初版第1刷","1989（平成元）年10月1日初版第1刷"
001154,"岸田 国士",044387,"演劇漫話",新字旧仮名,"","tatsuki","小林繁雄、門田裕志",公開,2006-03-31,"岸田國士全集20","岩波書店","1990（平成2）年3月8日","1990（平成2）年3月8日"
001154,"岸田 国士",044577,"演劇より文学を排除すべきか",新字旧仮名,"","tatsuki","門田裕志",公開,2007-12-10,"岸田國士全集21","岩波書店","1990（平成2）年7月9日","1990（平成2）年7月9日"
001154,"岸田 国士",044533,"『紙風船』について",新字旧仮名,"","tatsuki","門田裕志",公開,2009-11-19,"岸田國士全集22","岩波書店","1990（平成2）年10月8日","1990（平成2）年10月8日"
001154,"岸田 国士",044824,"一言（「道遠からん」について）",新字旧仮名,"","門田裕志","Juki",公開,2011-10-29,"岸田國士全集28","岩波書店","1992（平成4）年6月17日","1992（平成4）年6月17日"
001154,"岸田 国士",044693,"一つの試案 ――「列」解消のために",新字旧仮名,"","tatsuki","門田裕志",公開,2010-04-15,"岸田國士全集25","岩波書店","1991（平成3）年8月8日","1991（平成3）年8月8日"
001154,"岸田 国士",044836,"一つの挿話",新字旧仮名,"","門田裕志","noriko saito",公開,2011-04-10,"岸田國士全集28","岩波書店","1992（平成4）年6月17日","1992（平成4）年6月17日"
001154,"岸田 国士",052084,"灯ともし頃",新字旧仮名,"","kompass","門田裕志",公開,2012-02-03,"岸田國士全集1","岩波書店","1989（平成元）年11月8日","1989（平成元）年11月8日"
001154,"岸田 国士",043848,"火の扉",新字新仮名,"","tatsuki","門田裕志",公開,2013-02-03,"岸田國士全集16","岩波書店","1991（平成3）年9月9日","1991（平成3）年9月9日"
001154,"岸田 国士",044443,"批評家・作家・劇場人",新字旧仮名,"","tatsuki","門田裕志",公開,2009-11-22,"岸田國士全集23","岩波書店","1990（平成2）年12月7日","1990（平成2）年12月7日"
001154,"岸田 国士",046856,"秘密の代償",新字旧仮名,"","kompass","門田裕志",公開,2011-07-28,"岸田國士全集6","岩波書店","1991（平成3）年5月10日","1991（平成3）年5月10日"
001154,"岸田 国士",044783,"百三十二番地の貸家",新字旧仮名,"","tatsuki","門田裕志",公開,2012-02-20,"岸田國士全集2","岩波書店","1990（平成2）年2月8日","1990（平成2）年2月8日"
001154,"岸田 国士",044486,"標題のつけ方",新字旧仮名,"","tatsuki","門田裕志",公開,2009-11-07,"岸田國士全集22","岩波書店","1990（平成2）年10月8日","1990（平成2）年10月8日"
001154,"岸田 国士",044565,"ファルスの近代性",新字旧仮名,"","tatsuki","門田裕志",公開,2007-11-30,"岸田國士全集21","岩波書店","1990（平成2）年7月9日","1990（平成2）年7月9日"
001154,"岸田 国士",044350,"ファンテジイ",新字旧仮名,"","tatsuki","Juki",公開,2009-02-03,"岸田國士全集19","岩波書店","1989（平成元）年12月8日","1989（平成元）年12月8日"
001154,"岸田 国士",046857,"風俗時評",新字旧仮名,"","kompass","門田裕志",公開,2011-07-13,"岸田國士全集6","岩波書店","1991（平成3）年5月10日","1991（平成3）年5月10日"
001154,"岸田 国士",044882,"「風俗時評」あとがき",新字旧仮名,"","門田裕志","Juki",公開,2011-11-03,"岸田國士全集28","岩波書店","1992（平成4）年6月17日","1992（平成4）年6月17日"
000020,"渡辺 温",002223,"絵姿 The Portrate of Dorian Gray",新字新仮名,"","森下祐行","もりみつじゅんじ",公開,2001-10-08,"アンドロギュノスの裔","薔薇十字社","",""
000020,"渡辺 温",002570,"遺書に就て",新字新仮名,"","森下祐行","もりみつじゅんじ",公開,2001-10-30,"アンドロギュノスの裔","薔薇十字社","",""
000020,"渡辺 温",000195,"可哀相な姉",新字新仮名,"","森下祐行","もりみつじゅんじ",公開,2000-02-11,"アンドロギュノスの裔","薔薇十字社","",""
000020,"渡辺 温",000512,"恋",新字新仮名,"","もりみつじゅんじ","田尻幹二",公開,1999-01-27,"アンドロギュノスの裔","薔薇十字社","1970（昭和45）年9月1日初版","1970（昭和45）年9月1日初版"
000020,"渡辺 温",046404,"氷れる花嫁",新字新仮名,"","網迫、土屋隆","山本弘子",公開,2008-02-23,"新青年傑作選　爬虫館事件","角川ホラー文庫、角川書店","1998（平成10）年8月10日初版","1998（平成10）年8月10日初版"
000020,"渡辺 温",002574,"四月馬鹿",新字新仮名,"","森下祐行","もりみつじゅんじ、土屋隆",公開,2008-11-16,"アンドロギュノスの裔","薔薇十字社","1970（昭和45）年9月1日初版　","1970（昭和45）年9月1日初版"
000020,"渡辺 温",004486,"十年後の映画界",新字新仮名,"","森下祐行","もりみつじゅんじ、土屋隆",公開,2008-11-16,"アンドロギュノスの裔","薔薇十字社","1970（昭和45）年9月1日初版　","1970（昭和45）年9月1日初版"
000020,"渡辺 温",000745,"少女",新字新仮名,"","森下祐行","もりみつじゅんじ",公開,1999-05-17,"アンドロギュノスの裔","薔薇十字社","",""
000020,"渡辺 温",000744,"勝敗",新字新仮名,"","森下祐行","もりみつじゅんじ",公開,2000-07-25,"アンドロギュノスの裔","薔薇十字社","",""
000020,"渡辺 温",000746,"シルクハット",新字新仮名,"","森下祐行","もりみつじゅんじ",公開,2000-07-25,"アンドロギュノスの裔","薔薇十字社","",""
000020,"渡辺 温",000949,"象牙の牌",新字新仮名,"","森下祐行","もりみつじゅんじ",公開,1999-08-21,"アンドロギュノスの裔","薔薇十字社","",""
000020,"渡辺 温",000229,"父を失う話",新字新仮名,"","森下祐行","もりみつじゅんじ",公開,1999-07-28,"アンドロギュノスの裔","薔薇十字社","",""
000020,"渡辺 温",000373,"花嫁の訂正 ――夫婦哲学――",新字新仮名,"","森下祐行","もりみつじゅんじ",公開,1999-09-14,"アンドロギュノスの裔","薔薇十字社","",""
000020,"渡辺 温",055103,"薔薇の女",新字新仮名,"","匿名","富田倫生",公開,2012-07-31,"時事新報","時事新報社","1927（昭和2）年4月17日","　"
000020,"渡辺 温",002573,"風船美人",新字新仮名,"","森下祐行","もりみつじゅんじ、土屋隆",公開,2008-11-16,"アンドロギュノスの裔","薔薇十字社","1970（昭和45）年9月1日初版　","1970（昭和45）年9月1日初版"
000020,"渡辺 温",044722,"兵士と女優",新字新仮名,"","網迫、土屋隆","noriko saito",公開,2005-08-12,"「探偵趣味」傑作選　幻の探偵雑誌2","光文社文庫、光文社","2000（平成12）年4月20日初版1刷","2000（平成12）年4月20日初版1刷"
000020,"渡辺 温",002316,"兵隊の死",新字新仮名,"","もりみつじゅんじ","田尻幹二",公開,1999-01-27,"アンドロギュノスの裔","薔薇十字社","1970（昭和45）年9月1日初版","1970（昭和45）年9月1日初版"
000020,"渡辺 温",004487,"浪漫趣味者として ―― Ibi omnis effusus labor ! ――",新字新仮名,"","森下祐行","もりみつじゅんじ、土屋隆",公開,2008-11-16,"アンドロギュノスの裔","薔薇十字社","1970（昭和45）年9月1日初版　","1970（昭和45）年9月1日初版"
001203,"ワタナベ オン",044722,"兵士と女優",新字新仮名,"","網迫、土屋隆","noriko saito",公開,2005-08-12,"「探偵趣味」傑作選　幻の探偵雑誌2","光文社文庫、光文社","2000（平成12）年4月20日初版1刷","2000（平成12）年4月20日初版1刷"
001395,"和辻 哲郎",049902,"藤村の個性",新字新仮名,"","門田裕志","noriko saito",公開,2012-02-06,"和辻哲郎随筆集","岩波文庫、岩波書店","2006（平成18）年11月22日第6刷","2011（平成23）年8月18日第7刷"
001395,"和辻 哲郎",049903,"土下座",新字新仮名,"","門田裕志","米田",公開,2011-01-16,"和辻哲郎随筆集","岩波文庫、岩波書店","2006（平成18）年11月22日第6刷","1995（平成7）年9月18日第1刷"
001395,"和辻 哲郎",049904,"夏目先生の追憶",新字新仮名,"","門田裕志","noriko saito",公開,2012-03-02,"和辻哲郎随筆集","岩波文庫、岩波書店","2006（平成18）年11月22日第6刷","2011（平成23）年8月18日第7刷"
001395,"和辻 哲郎",049905,"日本精神史研究",新字新仮名,"","門田裕志","荒木恵一",公開,2017-12-26,"日本精神史研究","岩波文庫、岩波書店","2007（平成19）年1月25日第16刷","2012（平成24）年5月25日第20刷"
001395,"和辻 哲郎",049907,"能面の様式",新字新仮名,"","門田裕志","米田",公開,2011-01-12,"和辻哲郎随筆集","岩波文庫、岩波書店","2006（平成18）年11月22日第6刷","1995（平成7）年9月18日第1刷"
001395,"和辻 哲郎",049910,"麦積山塑像の示唆するもの",新字新仮名,"","門田裕志","米田",公開,2011-01-20,"和辻哲郎随筆集","岩波文庫、岩波書店","2006（平成18）年11月22日第6刷","1995（平成7）年9月18日第1刷"
001395,"和辻 哲郎",051233,"初めて西田幾多郎の名を聞いたころ",新字新仮名,"","門田裕志","noriko saito",公開,2011-01-08,"日本の名随筆　別巻92　哲学","作品社","1998（平成10）年10月25日第1刷","1998（平成10）年10月25日第1刷"
001395,"和辻 哲郎",055094,"非名誉教授の弁",新字新仮名,"","岩澤秀紀","植松健伍",公開,2019-03-01,"和辻哲郎全集　第二十巻","岩波書店","1963（昭和38）年6月14日","1963（昭和38）年6月14日"
001395,"和辻 哲郎",049908,"文楽座の人形芝居",新字新仮名,"","門田裕志","米田",公開,2011-01-12,"和辻哲郎随筆集","岩波文庫、岩波書店","2006（平成18）年11月22日第6刷","1995（平成7）年9月18日第1刷"
001395,"和辻 哲郎",049918,"ベエトォフェンの面",新字新仮名,"","門田裕志","noriko saito",公開,2011-05-13,"偶像再興・面とペルソナ　和辻哲郎感想集","講談社文芸文庫、講談社","2007（平成19）年4月10日第1刷","2007（平成19）年4月10日第1刷"
001395,"和辻 哲郎",049909,"松風の音",新字新仮名,"","門田裕志","米田",公開,2011-01-16,"和辻哲郎随筆集","岩波文庫、岩波書店","2006（平成18）年11月22日第6刷","1995（平成7）年9月18日第1刷"
001395,"和辻 哲郎",049911,"面とペルソナ",新字新仮名,"","門田裕志","米田",公開,2011-01-12,"和辻哲郎随筆集","岩波文庫、岩波書店","2006（平成18）年11月22日第6刷","1995（平成7）年9月18日第1刷"
001395,"和辻 哲郎",055622,"夢",新字新仮名,"","岩澤秀紀","火蛾",公開,2016-12-26,"和辻哲郎全集　補遺","岩波書店","1978（昭和53）年6月16日第1刷","1978（昭和53）年6月16日第1刷"
001395,"和辻 哲郎",049876,"『劉生画集及芸術観』について",新字新仮名,"","門田裕志","noriko saito",公開,2011-12-11,"和辻哲郎随筆集","岩波文庫、岩波書店","2006（平成18）年11月22日第6刷","2011（平成23）年8月18日第7刷"
001395,"和辻 哲郎",049913,"霊的本能主義",新字新仮名,"","門田裕志","noriko saito",公開,2011-06-30,"偶像再興・面とペルソナ　和辻哲郎感想集","講談社文芸文庫、講談社","2007（平成19）年4月10日第1刷","2007（平成19）年4月10日第1刷"
001395,"和辻 哲郎",049914,"露伴先生の思い出",新字新仮名,"","門田裕志","米田",公開,2011-01-08,"和辻哲郎随筆集","岩波文庫、岩波書店","2006（平成18）年11月22日第6刷","1995（平成7）年9月18日第1刷"
001185,"ワルラス マリー・エスプリ・レオン",045210,"純粋経済学要論 01 上巻",新字新仮名,"手塚 寿郎","京都大学電子テクスト研究会入力班","京都大学電子テクスト研究会校正班",公開,2006-12-07,"純粹經濟學要論　上卷","岩波文庫、岩波書店","1953（昭和28）年11月25日第1刷",""
